0x0	CALLDATASIZE
0x40	ADDRESS
0x1	ADDRESS
0x3f	ADDRESS
0x60	CALLDATASIZE
0x4	CALLDATASIZE
0x2	CALLDATASIZE
0x3	ADDRESS
0x5	ADDRESS
0x6	CALLVALUE
0x7	ADDRESS
0x8	CALLDATALOAD
0x9	ORIGIN
0xa	CALLDATASIZE
0xb	ADDRESS
0xc	ADDRESS
0xd	CALLVALUE
0xe	CALLER
0xf	CALLDATASIZE
0x10	BALANCE
0x11	ADDRESS
0x12	CALLDATASIZE
0x13	BALANCE
0x14	ADDRESS
0x15	ADDRESS
0x16	CONST
0x1a	CALLDATASIZE
0x1b	CALLER
0x1c	CONST
0x25	CONST
0x2a	ADDRESS
0x2b	ADDRESS
0x2c	ADDRESS
0x2d	ADDRESS
0x2e	ADDRESS
0x2f	ADDRESS
0x30	ADDRESS
0x31	ADDRESS
0x32	ADDRESS
0x33	ADDRESS
0x34	ADDRESS
0x35	ADDRESS
0x36	ADDRESS
0x37	ADDRESS
0x38	ADDRESS
0x39	ADDRESS
0x3a	ADDRESS
0x3b	ADDRESS
0x3c	ADDRESS
0x3d	ADDRESS
0x3e	ADDRESS
0x41	ADDRESS
0x42	ADDRESS
0x43	ADDRESS
0x44	ADDRESS
0x45	ADDRESS
0x46	ADDRESS
0x47	ADDRESS
0x48	ADDRESS
0x49	ADDRESS
0x4a	ADDRESS
0x4b	ADDRESS
0x4c	ADDRESS
0x4d	ADDRESS
0x4e	ADDRESS
0x4f	ADDRESS
0x50	ADDRESS
0x51	ADDRESS
0x52	ADDRESS
0x53	ADDRESS
0x54	ADDRESS
0x55	ADDRESS
0x56	ADDRESS
0x57	ADDRESS
0x58	ADDRESS
0x59	ADDRESS
0x5a	ADDRESS
0x5b	ADDRESS
0x5c	ADDRESS
0x5d	ADDRESS
0x5e	ADDRESS
0x5f	ADDRESS
0x61	ADDRESS
0x62	ADDRESS
0x63	ADDRESS
0x64	CALLER
0x65	CALLDATALOAD
0x66	ADDRESS
0x67	CALLVALUE
0x68	BALANCE
0x69	CALLDATASIZE
0x6a	CALLDATASIZE
0x6b	CALLER
0x6c	ADDRESS
0x6d	CALLDATASIZE
0x6e	CONST
0x76	BALANCE
0x77	CALLVALUE
0x78	CALLDATASIZE
0x79	BALANCE
0x7a	ADDRESS
0x7b	ADDRESS
0x7c	CONST
0x80	CODESIZE
0x81	ADDRESS
0x82	CALLDATASIZE
0x83	CALLER
0x84	ADDRESS
0x86	CALLDATALOAD
0x87	CONST
0x8e	CALLDATASIZE
0x8f	BALANCE
0x90	ADDRESS
0x91	BALANCE
0x92	CALLVALUE
0x93	CODESIZE
0x94	CALLDATALOAD
0x96	CODESIZE
0x97	ADDRESS
0x98	CALLDATASIZE
0x99	CALLER
0x9a	BALANCE
0x9b	CODESIZE
0x9c	BALANCE
0x9d	CALLDATASIZE
0x9e	ADDRESS
0x9f	CONST
0xa5	BALANCE
0xa6	ADDRESS
0xa7	BALANCE
0xa9	CONST
0xb0	ORIGIN
0xb1	CALLER
0xb2	CONST
0xb6	CONST
0xbc	ADDRESS
0xbd	BALANCE
0xbe	CONST
0xc2	CODESIZE
0xc3	ADDRESS
0xc4	CALLDATASIZE
0xc5	CALLER
0xc6	CALLER
0xc7	BALANCE
0xc8	CALLER
0xc9	CONST
0xce	BALANCE
0xcf	CALLVALUE
0xd0	CALLDATASIZE
0xd1	BALANCE
0xd2	ADDRESS
0xd3	BALANCE
0xd4	CONST
0xd9	ADDRESS
0xda	CALLDATASIZE
0xdb	CALLER
0xdc	CALLVALUE
0xdd	ORIGIN
0xdf	CALLDATASIZE
0xe0	CALLDATASIZE
0xe1	CONST
0xe6	CALLDATASIZE
0xe7	BALANCE
0xe8	ADDRESS
0xe9	BALANCE
0xea	CONST
0xf3	ADDRESS
0xf4	CONST
0xf7	ORIGIN
0xf8	CALLER
0xf9	BALANCE
0xfa	BALANCE
0xfb	CALLVALUE
0xfc	CALLDATASIZE
0xfd	BALANCE
0xfe	ADDRESS
0xff	ORIGIN
0x100	ADDRESS
0x101	CONST
0x104	CODESIZE
0x105	ADDRESS
0x106	CALLDATASIZE
0x107	CALLER
0x10a	CONST
0x10f	ADDRESS
0x110	BALANCE
0x111	CALLVALUE
0x112	CALLDATASIZE
0x113	BALANCE
0x114	ADDRESS
0x115	ORIGIN
0x116	ORIGIN
0x118	CALLDATALOAD
0x11a	CODESIZE
0x11b	ADDRESS
0x11c	CALLDATASIZE
0x11d	CALLER
0x11f	CALLDATALOAD
0x120	CONST
0x126	BALANCE
0x127	CALLVALUE
0x128	CALLDATASIZE
0x129	BALANCE
0x12a	ADDRESS
0x12b	ORIGIN
0x12c	CALLVALUE
0x12d	CONST
0x131	ADDRESS
0x132	CALLDATASIZE
0x133	CALLER
0x134	CONST
0x137	CALLDATALOAD
0x139	CONST
0x13e	CALLDATASIZE
0x13f	BALANCE
0x140	ADDRESS
0x141	ORIGIN
0x142	CALLDATALOAD
0x143	CONST
0x14a	CONST
0x14f	CONST
0x152	BALANCE
0x153	CALLVALUE
0x154	CALLDATASIZE
0x155	BALANCE
0x156	ADDRESS
0x157	ORIGIN
0x158	CODESIZE
0x159	ORIGIN
0x15a	CALLDATALOAD
0x15c	CODESIZE
0x15d	ADDRESS
0x15e	CALLDATASIZE
0x15f	CALLER
0x160	CONST
0x166	CALLER
0x167	CONST
0x16e	CONST
0x175	ADDRESS
0x176	ADDRESS
0x177	ADDRESS
0x178	CODESIZE
0x179	ADDRESS
0x17a	CONST
0x182	CALLDATASIZE
0x183	BALANCE
0x184	ADDRESS
0x185	ADDRESS
0x186	CONST
0x18b	ADDRESS
0x18c	ADDRESS
0x18d	ADDRESS
0x18e	CODESIZE
0x18f	ADDRESS
0x190	CONST
0x198	CONST
0x19e	ADDRESS
0x19f	CONST
0x1a4	CALLDATASIZE
0x1a5	ADDRESS
0x1a6	CALLVALUE
0x1a7	ADDRESS
0x1a8	CALLDATALOAD
0x1a9	BALANCE
0x1aa	CALLDATASIZE
0x1ab	ADDRESS
0x1ac	ORIGIN
0x1ad	ADDRESS
0x1ae	CODESIZE
0x1af	ADDRESS
0x1b0	CODESIZE
0x1b1	ORIGIN
0x1b2	CALLDATALOAD
0x1b3	ORIGIN
0x1b4	CODESIZE
0x1b5	BALANCE
0x1b7	ADDRESS
0x1b8	CODESIZE
0x1b9	BALANCE
0x1ba	ADDRESS
0x1bb	BALANCE
0x1bc	CODESIZE
0x1bd	CALLER
0x1be	CODESIZE
0x1bf	BALANCE
0x1c0	CODESIZE
0x1c1	BALANCE
0x1c2	CALLDATALOAD
0x1c3	BALANCE
0x1c4	CODESIZE
0x1c5	BALANCE
0x1c6	CALLDATALOAD
0x1c7	ORIGIN
0x1c8	CALLDATASIZE
0x1c9	ADDRESS
0x1ca	ORIGIN
0x1cb	ADDRESS
0x1cc	ADDRESS
0x1cd	BALANCE
0x1cf	BALANCE
0x1d0	CALLDATALOAD
0x1d1	ADDRESS
0x1d2	CODESIZE
0x1d3	ADDRESS
0x1d4	CALLDATALOAD
0x1d5	BALANCE
0x1d7	ADDRESS
0x1d8	CALLDATASIZE
0x1d9	ADDRESS
0x1da	ORIGIN
0x1db	ADDRESS
0x1dc	ADDRESS
0x1dd	BALANCE
0x1df	ADDRESS
0x1e0	CODESIZE
0x1e1	ADDRESS
0x1e2	CODESIZE
0x1e3	CALLER
0x1e4	CODESIZE
0x1e5	CALLER
0x1e6	CALLDATASIZE
0x1e7	ADDRESS
0x1e8	ADDRESS
0x1e9	ADDRESS
0x1ea	CALLDATALOAD
0x1eb	CONST
0x1ef	BALANCE
0x1f0	BALANCE
0x1f1	ADDRESS
0x1f2	BALANCE
0x1f3	CALLDATALOAD
0x1f4	CALLDATASIZE
0x1f5	BALANCE
0x1f6	ADDRESS
0x1f7	BALANCE
0x1f8	ADDRESS
0x1f9	CONST
0x1ff	ORIGIN
0x200	ADDRESS
0x201	BALANCE
0x202	CALLDATALOAD
0x203	BALANCE
0x204	CODESIZE
0x205	CALLER
0x206	CODESIZE
0x207	ORIGIN
0x208	ADDRESS
0x209	BALANCE
0x20a	CALLDATALOAD
0x20b	ORIGIN
0x20c	CALLDATASIZE
0x20d	ADDRESS
0x20e	ORIGIN
0x20f	ADDRESS
0x210	ADDRESS
0x211	BALANCE
0x212	CALLDATASIZE
0x213	BALANCE
0x214	ADDRESS
0x215	ADDRESS
0x216	CONST
0x21e	CALLDATALOAD
0x21f	ADDRESS
0x220	CALLDATALOAD
0x221	ADDRESS
0x222	CALLDATALOAD
0x223	ADDRESS
0x225	ADDRESS
0x226	CALLDATALOAD
0x227	ADDRESS
0x229	ADDRESS
0x22a	CODESIZE
0x22b	BALANCE
0x22c	ADDRESS
0x22d	BALANCE
0x22f	ADDRESS
0x230	CALLDATASIZE
0x231	ADDRESS
0x232	BALANCE
0x233	CONST
0x23b	BALANCE
0x23c	ADDRESS
0x23d	BALANCE
0x23e	CALLER
0x23f	CONST
0x242	CODESIZE
0x243	ADDRESS
0x244	CODESIZE
0x245	ORIGIN
0x246	ADDRESS
0x247	CALLER
0x248	CODESIZE
0x249	ADDRESS
0x24a	CALLDATALOAD
0x24b	BALANCE
0x24c	CALLDATASIZE
0x24d	ADDRESS
0x24e	ADDRESS
0x24f	BALANCE
0x250	CODESIZE
0x251	CALLER
0x252	CALLDATASIZE
0x253	ADDRESS
0x254	ORIGIN
0x255	ADDRESS
0x256	ADDRESS
0x257	CALLER
0x258	CALLDATASIZE
0x259	BALANCE
0x25a	ADDRESS
0x25b	BALANCE
0x25c	ADDRESS
0x25d	ADDRESS
0x25e	ADDRESS
0x25f	CONST
0x262	BALANCE
0x264	BALANCE
0x265	CALLDATASIZE
0x266	CODESIZE
0x267	BALANCE
0x268	CALLDATALOAD
0x269	ORIGIN
0x26a	CALLDATASIZE
0x26b	ADDRESS
0x26c	ORIGIN
0x26d	ADDRESS
0x26e	ADDRESS
0x26f	BALANCE
0x271	BALANCE
0x272	CALLDATALOAD
0x273	ADDRESS
0x274	CALLDATALOAD
0x275	CONST
0x279	ORIGIN
0x27a	CALLDATALOAD
0x27b	ADDRESS
0x27c	CALLDATALOAD
0x27d	ADDRESS
0x27e	CALLDATALOAD
0x27f	ADDRESS
0x280	CALLDATASIZE
0x281	ADDRESS
0x282	CALLVALUE
0x283	ADDRESS
0x284	CALLDATALOAD
0x285	BALANCE
0x286	CODESIZE
0x287	ADDRESS
0x289	BALANCE
0x28a	ADDRESS
0x28b	CALLER
0x28d	ADDRESS
0x28e	CONST
0x296	CALLDATASIZE
0x297	BALANCE
0x298	ADDRESS
0x299	BALANCE
0x29a	CALLDATALOAD
0x29b	CALLER
0x29c	CALLDATALOAD
0x29e	CALLDATASIZE
0x29f	ADDRESS
0x2a0	ADDRESS
0x2a1	ADDRESS
0x2a2	CODESIZE
0x2a3	ADDRESS
0x2a4	CONST
0x2ac	CALLDATASIZE
0x2ad	CONST
0x2b0	ADDRESS
0x2b1	BALANCE
0x2b2	CALLDATASIZE
0x2b3	ADDRESS
0x2b4	CONST
0x2b7	ADDRESS
0x2b8	ADDRESS
0x2b9	ORIGIN
0x2ba	ADDRESS
0x2bb	CONST
0x2be	CALLDATASIZE
0x2bf	ADDRESS
0x2c0	ADDRESS
0x2c1	CALLVALUE
0x2c2	CALLER
0x2c3	CALLDATALOAD
0x2c4	BALANCE
0x2c5	CALLDATASIZE
0x2c6	CALLDATASIZE
0x2c7	ADDRESS
0x2c8	ORIGIN
0x2c9	CALLVALUE
0x2ca	CALLER
0x2cb	CALLDATALOAD
0x2cc	CALLDATASIZE
0x2cd	BALANCE
0x2ce	ADDRESS
0x2cf	CALLER
0x2d0	CONST
0x2d3	CALLDATASIZE
0x2d4	CALLDATALOAD
0x2d5	CONST
0x2d9	ADDRESS
0x2da	CALLDATALOAD
0x2db	BALANCE
0x2dd	ADDRESS
0x2de	BALANCE
0x2df	CALLDATALOAD
0x2e0	BALANCE
0x2e1	CALLDATALOAD
0x2e2	CODESIZE
0x2e3	BALANCE
0x2e4	CALLDATALOAD
0x2e5	ORIGIN
0x2e6	CALLDATASIZE
0x2e7	ADDRESS
0x2e8	ORIGIN
0x2e9	ADDRESS
0x2ea	ADDRESS
0x2eb	BALANCE
0x2ec	CALLDATASIZE
0x2ed	ADDRESS
0x2ee	CALLVALUE
0x2ef	ADDRESS
0x2f0	CALLDATALOAD
0x2f1	BALANCE
0x2f2	CODESIZE
0x2f3	ADDRESS
0x2f5	BALANCE
0x2f6	ADDRESS
0x2f7	CALLER
0x2f9	ADDRESS
0x2fa	CONST
0x302	CALLDATASIZE
0x303	BALANCE
0x304	ADDRESS
0x305	BALANCE
0x306	CODESIZE
0x308	CALLDATALOAD
0x30a	CALLDATASIZE
0x30b	ADDRESS
0x30c	ADDRESS
0x30d	ADDRESS
0x30e	CODESIZE
0x30f	ADDRESS
0x310	CONST
0x319	BALANCE
0x31a	CALLDATASIZE
0x31b	BALANCE
0x31c	ADDRESS
0x31d	CALLER
0x31e	CONST
0x324	CALLDATASIZE
0x325	ADDRESS
0x326	CALLVALUE
0x327	ADDRESS
0x328	CALLDATALOAD
0x329	BALANCE
0x32b	ADDRESS
0x32c	CODESIZE
0x32d	BALANCE
0x32e	CALLDATALOAD
0x32f	ORIGIN
0x330	CALLDATASIZE
0x331	ADDRESS
0x332	ORIGIN
0x333	ADDRESS
0x334	ADDRESS
0x335	BALANCE
0x336	CALLDATASIZE
0x337	ADDRESS
0x338	CALLVALUE
0x339	ADDRESS
0x33a	CALLDATALOAD
0x33b	BALANCE
0x33c	CODESIZE
0x33d	ADDRESS
0x33f	BALANCE
0x340	ADDRESS
0x341	CALLER
0x343	ADDRESS
0x344	CONST
0x34c	CALLDATASIZE
0x34d	BALANCE
0x34e	ADDRESS
0x34f	BALANCE
0x350	CONST
0x354	CALLDATASIZE
0x355	ADDRESS
0x356	ADDRESS
0x357	ADDRESS
0x358	CODESIZE
0x359	ADDRESS
0x35a	CONST
0x362	CALLDATASIZE
0x363	CONST
0x366	ADDRESS
0x367	BALANCE
0x368	CALLDATASIZE
0x369	ADDRESS
0x36a	CONST
0x36d	ADDRESS
0x36e	ADDRESS
0x36f	ORIGIN
0x370	ADDRESS
0x371	CONST
0x374	CALLDATASIZE
0x375	ADDRESS
0x376	ADDRESS
0x377	CALLVALUE
0x378	CALLER
0x379	CALLDATALOAD
0x37a	CODESIZE
0x37b	BALANCE
0x37c	BALANCE
0x37d	CALLDATASIZE
0x37f	ADDRESS
0x380	CALLDATASIZE
0x381	ADDRESS
0x382	ORIGIN
0x383	CALLVALUE
0x384	CALLER
0x385	CALLDATALOAD
0x386	BALANCE
0x387	CALLDATASIZE
0x388	CALLDATASIZE
0x389	ADDRESS
0x38a	CALLVALUE
0x38b	CALLVALUE
0x38c	CALLER
0x38d	CALLDATALOAD
0x38e	CALLDATASIZE
0x38f	BALANCE
0x390	ADDRESS
0x391	CALLER
0x392	CONST
0x399	CALLVALUE
0x39a	BALANCE
0x39b	CALLDATALOAD
0x39c	CALLDATASIZE
0x39d	BALANCE
0x39e	ADDRESS
0x39f	BALANCE
0x3a0	CONST
0x3a6	ADDRESS
0x3a7	ADDRESS
0x3a8	CODESIZE
0x3a9	ADDRESS
0x3aa	CONST
0x3b2	CONST
0x3b8	CALLDATALOAD
0x3ba	CALLDATALOAD
0x3bb	CALLDATASIZE
0x3bc	CALLDATALOAD
0x3bd	CONST
0x3c1	ADDRESS
0x3c2	CALLDATALOAD
0x3c3	BALANCE
0x3c4	CALLDATASIZE
0x3c5	ADDRESS
0x3c6	CONST
0x3ce	CODESIZE
0x3cf	BALANCE
0x3d0	CALLDATALOAD
0x3d1	ORIGIN
0x3d2	CALLDATASIZE
0x3d3	ADDRESS
0x3d4	ORIGIN
0x3d5	ADDRESS
0x3d6	ADDRESS
0x3d7	BALANCE
0x3d8	CALLDATASIZE
0x3d9	ADDRESS
0x3da	CALLVALUE
0x3db	ADDRESS
0x3dc	CALLDATALOAD
0x3dd	BALANCE
0x3de	CODESIZE
0x3df	ADDRESS
0x3e1	BALANCE
0x3e2	ADDRESS
0x3e3	CALLER
0x3e5	ADDRESS
0x3e6	CONST
0x3ee	CALLDATASIZE
0x3ef	BALANCE
0x3f0	ADDRESS
0x3f1	BALANCE
0x3f2	CONST
0x3fa	CODESIZE
0x3fb	ADDRESS
0x3fc	CONST
0x404	CALLDATASIZE
0x405	CONST
0x408	ADDRESS
0x409	CALLVALUE
0x40a	CALLER
0x40b	CALLDATALOAD
0x40c	CALLDATASIZE
0x40d	BALANCE
0x40e	ADDRESS
0x40f	CALLVALUE
0x410	CALLDATASIZE
0x411	ADDRESS
0x412	CALLDATALOAD
0x413	CALLDATASIZE
0x414	CALLDATALOAD
0x415	CONST
0x419	CALLDATALOAD
0x41a	CALLDATASIZE
0x41b	BALANCE
0x41c	ADDRESS
0x41d	ORIGIN
0x41e	BALANCE
0x41f	CALLDATALOAD
0x420	CALLDATALOAD
0x422	CALLDATASIZE
0x423	ADDRESS
0x424	ADDRESS
0x425	ADDRESS
0x426	CODESIZE
0x427	ADDRESS
0x428	CONST
0x431	BALANCE
0x432	CALLDATASIZE
0x433	ADDRESS
0x434	ADDRESS
0x435	BALANCE
0x436	CALLDATASIZE
0x437	ADDRESS
0x438	CONST
0x43b	ADDRESS
0x43c	ADDRESS
0x43d	ORIGIN
0x43e	ADDRESS
0x43f	CONST
0x442	CALLDATASIZE
0x443	ADDRESS
0x444	ADDRESS
0x445	CALLVALUE
0x446	CALLER
0x447	CALLDATALOAD
0x448	BALANCE
0x449	CALLDATASIZE
0x44a	CALLDATASIZE
0x44b	BALANCE
0x44c	ADDRESS
0x44d	CALLVALUE
0x44e	CONST
0x455	CALLVALUE
0x456	BALANCE
0x457	CALLDATALOAD
0x458	CALLDATASIZE
0x459	BALANCE
0x45a	ADDRESS
0x45b	ORIGIN
0x45c	CALLER
0x45d	CALLVALUE
0x45e	CALLDATALOAD
0x460	CALLDATASIZE
0x461	ADDRESS
0x462	ADDRESS
0x463	ADDRESS
0x464	CODESIZE
0x465	ADDRESS
0x466	CONST
0x46e	CALLDATASIZE
0x46f	CONST
0x472	ADDRESS
0x473	BALANCE
0x474	CALLDATASIZE
0x475	ADDRESS
0x476	CONST
0x479	ADDRESS
0x47a	ADDRESS
0x47b	ORIGIN
0x47c	ADDRESS
0x47d	CONST
0x480	CALLDATASIZE
0x481	ADDRESS
0x482	ADDRESS
0x483	CALLVALUE
0x484	CALLER
0x485	CALLDATALOAD
0x486	BALANCE
0x487	CALLDATASIZE
0x488	CALLDATASIZE
0x489	ADDRESS
0x48a	ORIGIN
0x48b	CALLVALUE
0x48c	CALLER
0x48d	CALLDATALOAD
0x48e	CALLDATASIZE
0x48f	BALANCE
0x490	ADDRESS
0x491	CALLVALUE
0x492	CONST
0x49a	BALANCE
0x49b	CALLDATALOAD
0x49c	CALLDATASIZE
0x49d	BALANCE
0x49e	ADDRESS
0x49f	ORIGIN
0x4a0	CALLDATALOAD
0x4a1	CALLDATASIZE
0x4a2	CALLDATALOAD
0x4a4	CALLDATASIZE
0x4a5	ADDRESS
0x4a6	ADDRESS
0x4a7	ADDRESS
0x4a8	CODESIZE
0x4a9	ADDRESS
0x4aa	CONST
0x4b2	CONST
0x4b8	CONST
0x4be	CALLER
0x4bf	CALLVALUE
0x4c0	BALANCE
0x4c1	CALLDATALOAD
0x4c2	CALLDATASIZE
0x4c3	BALANCE
0x4c4	ADDRESS
0x4c5	ORIGIN
0x4c6	CALLDATASIZE
0x4c8	CALLDATALOAD
0x4ca	CALLDATASIZE
0x4cb	ADDRESS
0x4cc	ADDRESS
0x4cd	ADDRESS
0x4ce	CODESIZE
0x4cf	ADDRESS
0x4d0	CONST
0x4d8	CODESIZE
0x4d9	ADDRESS
0x4da	CALLDATASIZE
0x4db	ADDRESS
0x4dc	ADDRESS
0x4dd	BALANCE
0x4de	CALLDATASIZE
0x4df	ADDRESS
0x4e0	CONST
0x4e3	ADDRESS
0x4e4	ADDRESS
0x4e5	ORIGIN
0x4e6	ADDRESS
0x4e7	CONST
0x4ea	CALLDATASIZE
0x4eb	ADDRESS
0x4ec	ADDRESS
0x4ed	CALLVALUE
0x4ee	CALLER
0x4ef	CALLDATALOAD
0x4f0	BALANCE
0x4f1	CALLDATASIZE
0x4f2	CALLDATASIZE
0x4f3	ADDRESS
0x4f4	ORIGIN
0x4f5	CALLVALUE
0x4f6	CALLER
0x4f7	CALLDATALOAD
0x4f8	CALLDATASIZE
0x4f9	BALANCE
0x4fa	ADDRESS
0x4fb	CALLDATASIZE
0x4fc	CALLVALUE
0x4fd	CALLVALUE
0x4fe	CALLDATALOAD
0x4ff	CALLDATASIZE
0x500	CALLDATALOAD
0x501	CONST
0x505	CONST
0x509	CALLDATALOAD
0x50a	CALLDATASIZE
0x50b	BALANCE
0x50c	ADDRESS
0x50d	ORIGIN
0x50e	CODESIZE
0x50f	CONST
0x515	ADDRESS
0x516	CODESIZE
0x517	ADDRESS
0x518	CONST
0x520	CALLDATASIZE
0x521	CONST
0x524	ADDRESS
0x525	CALLVALUE
0x526	CODESIZE
0x527	ADDRESS
0x528	CALLER
0x529	CALLDATALOAD
0x52a	CALLDATASIZE
0x52b	ADDRESS
0x52c	ADDRESS
0x52d	BALANCE
0x52e	CALLDATASIZE
0x52f	ADDRESS
0x530	CONST
0x533	ADDRESS
0x534	ADDRESS
0x535	ORIGIN
0x536	ADDRESS
0x537	CONST
0x53a	BALANCE
0x53b	CALLDATASIZE
0x53d	ADDRESS
0x53e	CALLDATASIZE
0x53f	ADDRESS
0x540	ORIGIN
0x541	CALLVALUE
0x542	CODESIZE
0x543	ADDRESS
0x544	CALLER
0x545	CALLDATALOAD
0x547	BALANCE
0x549	ADDRESS
0x54a	CALLDATASIZE
0x54b	ADDRESS
0x54c	CALLDATASIZE
0x54d	CALLVALUE
0x54f	ADDRESS
0x550	CALLDATASIZE
0x551	ADDRESS
0x552	CALLVALUE
0x553	CALLVALUE
0x554	CALLER
0x555	CALLDATALOAD
0x557	ADDRESS
0x558	CODESIZE
0x559	BALANCE
0x55a	ADDRESS
0x55b	BALANCE
0x55d	ADDRESS
0x55e	CODESIZE
0x55f	CALLER
0x560	ADDRESS
0x561	BALANCE
0x562	CALLER
0x563	CALLDATALOAD
0x564	CODESIZE
0x565	ADDRESS
0x566	CALLDATASIZE
0x567	ADDRESS
0x568	ORIGIN
0x569	ADDRESS
0x56a	CALLDATASIZE
0x56b	ADDRESS
0x56c	BALANCE
0x56d	CONST
0x575	ADDRESS
0x576	ADDRESS
0x577	CALLVALUE
0x578	CODESIZE
0x579	BALANCE
0x57a	ADDRESS
0x57b	ORIGIN
0x57c	ADDRESS
0x57d	BALANCE
0x57e	CALLDATASIZE
0x57f	ADDRESS
0x580	CALLVALUE
0x581	ADDRESS
0x582	CALLDATALOAD
0x583	BALANCE
0x585	ADDRESS
0x586	CODESIZE
0x587	BALANCE
0x588	ADDRESS
0x589	BALANCE
0x58a	CALLDATASIZE
0x58b	ADDRESS
0x58c	CALLVALUE
0x58d	ADDRESS
0x58e	CALLDATALOAD
0x58f	ORIGIN
0x590	CODESIZE
0x591	BALANCE
0x592	CODESIZE
0x593	BALANCE
0x594	CALLDATALOAD
0x595	ORIGIN
0x597	ORIGIN
0x599	BALANCE
0x59b	ADDRESS
0x59c	CALLDATASIZE
0x59d	ADDRESS
0x59e	ORIGIN
0x59f	ADDRESS
0x5a0	CODESIZE
0x5a1	CALLVALUE
0x5a2	ADDRESS
0x5a3	BALANCE
0x5a4	CODESIZE
0x5a5	CALLER
0x5a6	CODESIZE
0x5a7	CALLER
0x5a8	CODESIZE
0x5a9	ADDRESS
0x5aa	CODESIZE
0x5ab	ORIGIN
0x5ac	CODESIZE
0x5ad	CALLVALUE
0x5ae	CALLER
0x5b0	CALLDATALOAD
0x5b1	ADDRESS
0x5b3	CALLVALUE
0x5b5	CALLDATASIZE
0x5b6	CALLDATALOAD
0x5b7	ADDRESS
0x5b8	CALLDATASIZE
0x5b9	BALANCE
0x5ba	ADDRESS
0x5bb	CALLDATASIZE
0x5bc	CALLDATALOAD
0x5bd	CALLER
0x5bf	CALLDATALOAD
0x5c0	CALLDATALOAD
0x5c1	ADDRESS
0x5c2	CALLDATALOAD
0x5c3	ADDRESS
0x5c4	CALLDATALOAD
0x5c5	ADDRESS
0x5c6	CALLDATALOAD
0x5c7	ADDRESS
0x5c8	CALLDATALOAD
0x5c9	ADDRESS
0x5ca	CALLDATALOAD
0x5cb	ADDRESS
0x5cc	CALLDATALOAD
0x5cd	CALLDATASIZE
0x5ce	CALLDATALOAD
0x5cf	CONST
0x5d3	CALLDATALOAD
0x5d4	CALLDATASIZE
0x5d5	BALANCE
0x5d6	ADDRESS
0x5d7	ORIGIN
0x5d8	CONST
0x5e0	CODESIZE
0x5e1	ADDRESS
0x5e2	CONST
0x5eb	BALANCE
0x5ec	CALLDATASIZE
0x5ed	ADDRESS
0x5ee	ADDRESS
0x5ef	BALANCE
0x5f0	CALLDATASIZE
0x5f1	ADDRESS
0x5f2	CONST
0x5f5	ADDRESS
0x5f6	ADDRESS
0x5f7	ORIGIN
0x5f8	ADDRESS
0x5f9	CONST
0x5fc	CALLDATASIZE
0x5fd	ADDRESS
0x5fe	ADDRESS
0x5ff	CALLVALUE
0x600	CALLER
0x601	CALLDATALOAD
0x602	CODESIZE
0x603	BALANCE
0x604	BALANCE
0x605	CALLDATASIZE
0x607	ADDRESS
0x608	CALLDATASIZE
0x609	ADDRESS
0x60a	ORIGIN
0x60b	CALLVALUE
0x60c	CALLER
0x60d	CALLDATALOAD
0x60e	BALANCE
0x60f	CALLDATASIZE
0x610	CALLDATASIZE
0x611	BALANCE
0x612	ADDRESS
0x614	CODESIZE
0x615	CALLDATALOAD
0x616	CALLDATALOAD
0x617	CALLDATASIZE
0x618	CALLDATALOAD
0x619	CONST
0x61d	ADDRESS
0x61e	CODESIZE
0x61f	ADDRESS
0x620	CALLDATALOAD
0x621	CALLVALUE
0x622	CALLDATASIZE
0x623	ADDRESS
0x624	ADDRESS
0x625	BALANCE
0x626	CODESIZE
0x627	BALANCE
0x628	CALLDATASIZE
0x629	ADDRESS
0x62a	ADDRESS
0x62b	BALANCE
0x62c	BALANCE
0x62d	CALLDATASIZE
0x62e	BALANCE
0x62f	CALLDATALOAD
0x630	CALLDATASIZE
0x631	BALANCE
0x632	ADDRESS
0x633	BALANCE
0x634	ADDRESS
0x635	ADDRESS
0x636	ADDRESS
0x637	ORIGIN
0x638	ADDRESS
0x639	CALLER
0x63a	BALANCE
0x63b	CALLDATASIZE
0x63c	CALLDATASIZE
0x63d	ADDRESS
0x63e	ADDRESS
0x63f	ORIGIN
0x641	ADDRESS
0x642	ADDRESS
0x643	CALLVALUE
0x644	CODESIZE
0x645	ADDRESS
0x646	CALLDATASIZE
0x647	ADDRESS
0x648	BALANCE
0x649	CONST
0x651	ADDRESS
0x653	BALANCE
0x654	ADDRESS
0x655	CALLVALUE
0x656	ADDRESS
0x657	ORIGIN
0x658	CALLDATASIZE
0x659	ADDRESS
0x65a	ORIGIN
0x65b	ADDRESS
0x65c	ADDRESS
0x65d	BALANCE
0x65e	CALLDATASIZE
0x65f	ADDRESS
0x660	CALLVALUE
0x661	ADDRESS
0x662	CALLDATALOAD
0x663	BALANCE
0x665	ADDRESS
0x666	CODESIZE
0x667	BALANCE
0x668	ADDRESS
0x669	BALANCE
0x66a	CALLDATASIZE
0x66b	ADDRESS
0x66c	CALLVALUE
0x66d	ADDRESS
0x66e	CALLDATALOAD
0x66f	ORIGIN
0x670	CODESIZE
0x671	ADDRESS
0x673	ORIGIN
0x675	BALANCE
0x677	ADDRESS
0x678	CODESIZE
0x679	BALANCE
0x67a	CODESIZE
0x67b	BALANCE
0x67c	CALLDATALOAD
0x67d	ORIGIN
0x67e	CALLDATASIZE
0x67f	ADDRESS
0x680	ORIGIN
0x681	ADDRESS
0x682	ADDRESS
0x683	BALANCE
0x684	CODESIZE
0x685	ORIGIN
0x686	CODESIZE
0x687	ADDRESS
0x688	CALLDATALOAD
0x689	CALLVALUE
0x68a	CALLDATASIZE
0x68b	ADDRESS
0x68c	ADDRESS
0x68d	BALANCE
0x68e	CODESIZE
0x68f	BALANCE
0x690	CALLDATASIZE
0x691	ADDRESS
0x692	ADDRESS
0x693	BALANCE
0x694	BALANCE
0x695	CALLDATASIZE
0x696	BALANCE
0x697	CALLDATALOAD
0x698	CALLDATASIZE
0x699	BALANCE
0x69a	ADDRESS
0x69b	BALANCE
0x69c	ADDRESS
0x69d	ADDRESS
0x69e	ADDRESS
0x69f	ORIGIN
0x6a0	ADDRESS
0x6a1	CALLER
0x6a2	BALANCE
0x6a3	CALLDATASIZE
0x6a4	CALLDATASIZE
0x6a5	ADDRESS
0x6a6	ADDRESS
0x6a7	ORIGIN
0x6a9	ADDRESS
0x6aa	ADDRESS
0x6ab	CALLVALUE
0x6ac	CODESIZE
0x6ad	ADDRESS
0x6ae	BALANCE
0x6af	CALLDATALOAD
0x6b0	CALLDATASIZE
0x6b1	BALANCE
0x6b2	ADDRESS
0x6b3	CALLER
0x6b4	CONST
0x6b8	CODESIZE
0x6b9	ADDRESS
0x6ba	CALLDATASIZE
0x6bb	ADDRESS
0x6bc	BALANCE
0x6bd	CONST
0x6c6	CALLDATALOAD
0x6c8	CALLDATASIZE
0x6c9	BALANCE
0x6ca	ADDRESS
0x6cb	BALANCE
0x6cc	ADDRESS
0x6cd	ADDRESS
0x6ce	CODESIZE
0x6cf	ADDRESS
0x6d0	CODESIZE
0x6d1	CALLER
0x6d2	CALLDATALOAD
0x6d3	CALLVALUE
0x6d4	ADDRESS
0x6d5	CALLVALUE
0x6d6	ADDRESS
0x6d7	ORIGIN
0x6d8	CODESIZE
0x6d9	CALLER
0x6da	CALLDATALOAD
0x6db	ORIGIN
0x6dd	BALANCE
0x6de	CALLDATASIZE
0x6df	ADDRESS
0x6e0	ORIGIN
0x6e1	ADDRESS
0x6e2	ADDRESS
0x6e3	BALANCE
0x6e5	BALANCE
0x6e6	CALLDATASIZE
0x6e7	BALANCE
0x6e8	ADDRESS
0x6e9	CALLER
0x6ea	CONST
0x6ed	CALLDATASIZE
0x6ee	CALLDATALOAD
0x6ef	CONST
0x6f3	BALANCE
0x6f5	BALANCE
0x6f7	ADDRESS
0x6f8	CALLDATASIZE
0x6f9	ADDRESS
0x6fa	ADDRESS
0x6fb	ADDRESS
0x6fc	CALLDATALOAD
0x6fd	ORIGIN
0x6fe	CALLDATASIZE
0x6ff	ADDRESS
0x700	ORIGIN
0x701	ADDRESS
0x702	CALLDATASIZE
0x703	ADDRESS
0x704	ADDRESS
0x705	ADDRESS
0x706	ORIGIN
0x707	ADDRESS
0x709	ADDRESS
0x70a	CALLDATALOAD
0x70b	CONST
0x70f	CALLVALUE
0x710	CODESIZE
0x711	BALANCE
0x712	CALLDATALOAD
0x713	ORIGIN
0x715	ADDRESS
0x716	CALLDATASIZE
0x717	ADDRESS
0x718	ADDRESS
0x719	BALANCE
0x71a	ADDRESS
0x71b	BALANCE
0x71d	ADDRESS
0x71e	CALLDATASIZE
0x71f	ADDRESS
0x720	ORIGIN
0x721	ADDRESS
0x722	ADDRESS
0x723	BALANCE
0x724	CODESIZE
0x725	ADDRESS
0x726	CODESIZE
0x727	CALLER
0x728	BALANCE
0x729	BALANCE
0x72a	CALLDATASIZE
0x72b	BALANCE
0x72c	ADDRESS
0x72d	CALLER
0x72e	CODESIZE
0x72f	CALLDATALOAD
0x730	CALLDATALOAD
0x732	CODESIZE
0x733	ORIGIN
0x735	ADDRESS
0x736	ADDRESS
0x737	CALLER
0x738	CALLDATASIZE
0x739	ADDRESS
0x73a	BALANCE
0x73b	CONST
0x743	BALANCE
0x744	CALLDATALOAD
0x745	CONST
0x749	ADDRESS
0x74a	CALLDATALOAD
0x74b	ADDRESS
0x74c	CALLDATALOAD
0x74d	ADDRESS
0x74e	CALLDATALOAD
0x74f	ADDRESS
0x750	CODESIZE
0x751	BALANCE
0x752	CALLDATALOAD
0x753	CALLDATASIZE
0x754	CALLDATALOAD
0x755	CONST
0x759	BALANCE
0x75a	CALLDATASIZE
0x75b	ADDRESS
0x75c	CONST
0x75f	ADDRESS
0x760	ADDRESS
0x761	ORIGIN
0x762	ADDRESS
0x763	CONST
0x766	CALLER
0x767	CALLER
0x768	CODESIZE
0x769	BALANCE
0x76a	BALANCE
0x76b	CALLDATASIZE
0x76c	CALLDATASIZE
0x76d	ADDRESS
0x76e	ADDRESS
0x76f	ADDRESS
0x771	ADDRESS
0x772	CODESIZE
0x773	BALANCE
0x774	CALLDATALOAD
0x775	ORIGIN
0x776	CALLDATASIZE
0x777	ADDRESS
0x778	ADDRESS
0x779	CALLDATALOAD
0x77a	CALLDATASIZE
0x77b	ADDRESS
0x77c	ORIGIN
0x77d	ADDRESS
0x77f	ADDRESS
0x780	CODESIZE
0x781	BALANCE
0x782	CALLDATALOAD
0x783	ORIGIN
0x784	CALLDATASIZE
0x785	ADDRESS
0x786	CALLVALUE
0x787	ADDRESS
0x788	CODESIZE
0x789	ADDRESS
0x78a	CODESIZE
0x78b	CALLER
0x78c	ORIGIN
0x78d	ADDRESS
0x78f	CALLER
0x790	CODESIZE
0x791	CALLDATASIZE
0x792	BALANCE
0x793	CALLDATASIZE
0x794	CODESIZE
0x795	CALLER
0x796	CALLDATALOAD
0x797	ORIGIN
0x799	ORIGIN
0x79b	ADDRESS
0x79c	CALLDATALOAD
0x79d	ORIGIN
0x79e	ORIGIN
0x79f	ADDRESS
0x7a0	CODESIZE
0x7a1	BALANCE
0x7a3	ADDRESS
0x7a4	CALLDATALOAD
0x7a5	CALLDATALOAD
0x7a6	CALLDATASIZE
0x7a7	ADDRESS
0x7a8	ADDRESS
0x7a9	BALANCE
0x7ab	ORIGIN
0x7ad	BALANCE
0x7ae	CALLDATALOAD
0x7af	ADDRESS
0x7b0	CALLDATALOAD
0x7b1	ADDRESS
0x7b2	CALLDATALOAD
0x7b3	CALLDATASIZE
0x7b4	CALLDATALOAD
0x7b5	CONST
0x7b9	CALLER
0x7ba	CALLDATALOAD
0x7bb	CALLVALUE
0x7bc	CODESIZE
0x7bd	BALANCE
0x7be	CALLDATALOAD
0x7bf	CALLDATASIZE
0x7c0	CALLDATALOAD
0x7c1	CONST
0x7c5	BALANCE
0x7c6	CALLDATASIZE
0x7c7	ADDRESS
0x7c8	CONST
0x7cb	ADDRESS
0x7cc	ADDRESS
0x7cd	ORIGIN
0x7ce	ADDRESS
0x7cf	CONST
0x7d2	CODESIZE
0x7d3	ADDRESS
0x7d4	CODESIZE
0x7d5	CALLVALUE
0x7d6	BALANCE
0x7d7	CALLDATASIZE
0x7d8	CALLDATASIZE
0x7d9	ADDRESS
0x7da	ADDRESS
0x7db	ADDRESS
0x7dd	ADDRESS
0x7de	CODESIZE
0x7df	BALANCE
0x7e0	CALLDATALOAD
0x7e1	ORIGIN
0x7e2	CALLDATASIZE
0x7e3	ADDRESS
0x7e4	ADDRESS
0x7e5	CALLDATALOAD
0x7e6	CALLDATASIZE
0x7e7	ADDRESS
0x7e8	ORIGIN
0x7e9	ADDRESS
0x7eb	ADDRESS
0x7ec	CODESIZE
0x7ed	BALANCE
0x7ee	CALLDATALOAD
0x7ef	ORIGIN
0x7f0	CALLDATASIZE
0x7f1	ADDRESS
0x7f2	CALLVALUE
0x7f3	ADDRESS
0x7f4	CODESIZE
0x7f5	ADDRESS
0x7f6	CODESIZE
0x7f7	CALLER
0x7f8	ORIGIN
0x7f9	ADDRESS
0x7fa	CALLER
0x7fb	CALLER
0x7fd	ADDRESS
0x7ff	CALLVALUE
0x800	BALANCE
0x801	CALLDATASIZE
0x802	CODESIZE
0x803	CALLER
0x804	CALLDATALOAD
0x805	ORIGIN
0x807	ORIGIN
0x809	ADDRESS
0x80a	CALLDATALOAD
0x80b	ORIGIN
0x80d	ADDRESS
0x80e	CODESIZE
0x80f	BALANCE
0x810	ORIGIN
0x811	ADDRESS
0x812	CALLDATALOAD
0x813	CALLVALUE
0x814	CODESIZE
0x815	ORIGIN
0x816	BALANCE
0x817	BALANCE
0x818	BALANCE
0x819	CALLDATALOAD
0x81a	CALLDATASIZE
0x81b	BALANCE
0x81c	ADDRESS
0x81d	CALLVALUE
0x81e	BALANCE
0x81f	CALLDATALOAD
0x820	CALLDATALOAD
0x822	CALLDATASIZE
0x823	ADDRESS
0x824	ADDRESS
0x825	ADDRESS
0x826	CODESIZE
0x827	ADDRESS
0x828	CONST
0x830	CALLDATASIZE
0x831	ADDRESS
0x832	CONST
0x835	ADDRESS
0x836	ADDRESS
0x837	ORIGIN
0x838	ADDRESS
0x839	CONST
0x83c	CODESIZE
0x83d	ADDRESS
0x83e	CODESIZE
0x83f	CALLDATALOAD
0x840	BALANCE
0x841	CALLDATASIZE
0x842	CALLDATASIZE
0x843	ADDRESS
0x844	ADDRESS
0x845	ADDRESS
0x847	ADDRESS
0x848	CODESIZE
0x849	BALANCE
0x84a	CALLDATALOAD
0x84b	ORIGIN
0x84c	CALLDATASIZE
0x84d	ADDRESS
0x84e	ADDRESS
0x84f	CALLDATALOAD
0x850	CALLDATASIZE
0x851	ADDRESS
0x852	ORIGIN
0x853	ADDRESS
0x855	ADDRESS
0x856	CODESIZE
0x857	BALANCE
0x858	CALLDATALOAD
0x859	ORIGIN
0x85a	CALLDATASIZE
0x85b	ADDRESS
0x85c	CALLVALUE
0x85d	ADDRESS
0x85e	CODESIZE
0x85f	ADDRESS
0x860	CODESIZE
0x861	CALLER
0x862	ORIGIN
0x863	ADDRESS
0x864	CALLER
0x865	CALLER
0x867	ADDRESS
0x869	CALLVALUE
0x86a	BALANCE
0x86b	CALLDATASIZE
0x86c	CODESIZE
0x86d	CALLER
0x86e	CALLDATALOAD
0x86f	ORIGIN
0x871	ORIGIN
0x873	ADDRESS
0x874	CALLDATALOAD
0x875	ORIGIN
0x876	ORIGIN
0x877	ADDRESS
0x878	CODESIZE
0x879	ADDRESS
0x87a	CALLDATALOAD
0x87b	CALLVALUE
0x87c	CODESIZE
0x87d	CALLER
0x87f	ADDRESS
0x880	ADDRESS
0x881	CALLER
0x883	ADDRESS
0x884	CALLDATALOAD
0x885	CALLDATALOAD
0x886	CALLDATASIZE
0x887	BALANCE
0x888	ADDRESS
0x889	CALLVALUE
0x88a	CALLVALUE
0x88b	CONST
0x891	CALLVALUE
0x892	CALLDATASIZE
0x893	BALANCE
0x894	ADDRESS
0x896	CONST
0x899	CALLDATASIZE
0x89a	CALLDATALOAD
0x89b	CONST
0x89f	ADDRESS
0x8a0	ADDRESS
0x8a1	BALANCE
0x8a3	CALLER
0x8a5	ORIGIN
0x8a6	CALLDATALOAD
0x8a7	ADDRESS
0x8a8	CALLDATALOAD
0x8a9	ADDRESS
0x8aa	CALLDATALOAD
0x8ab	ADDRESS
0x8ac	CALLDATALOAD
0x8ad	CALLDATASIZE
0x8ae	CALLDATALOAD
0x8af	CONST
0x8b3	ORIGIN
0x8b4	CALLDATALOAD
0x8b5	CALLVALUE
0x8b6	CALLDATASIZE
0x8b7	ADDRESS
0x8b8	CONST
0x8c0	CALLDATALOAD
0x8c1	CONST
0x8c5	BALANCE
0x8c6	CALLDATASIZE
0x8c7	ADDRESS
0x8c8	CONST
0x8cb	ADDRESS
0x8cc	ADDRESS
0x8cd	ORIGIN
0x8ce	ADDRESS
0x8cf	CONST
0x8d2	CALLER
0x8d3	CALLER
0x8d4	BALANCE
0x8d5	CALLDATASIZE
0x8d6	CALLDATASIZE
0x8d7	ADDRESS
0x8d8	ADDRESS
0x8d9	ADDRESS
0x8db	ADDRESS
0x8dc	CODESIZE
0x8dd	BALANCE
0x8de	CALLDATALOAD
0x8df	ORIGIN
0x8e0	CALLDATASIZE
0x8e1	ADDRESS
0x8e2	ADDRESS
0x8e3	CALLVALUE
0x8e4	CALLDATASIZE
0x8e5	ADDRESS
0x8e6	ORIGIN
0x8e7	ADDRESS
0x8e8	CALLDATALOAD
0x8e9	ORIGIN
0x8ea	CALLDATASIZE
0x8eb	ADDRESS
0x8ec	CALLVALUE
0x8ed	ADDRESS
0x8ee	CODESIZE
0x8ef	BALANCE
0x8f0	ORIGIN
0x8f1	ADDRESS
0x8f2	CALLDATALOAD
0x8f3	CALLVALUE
0x8f4	CODESIZE
0x8f5	ORIGIN
0x8f7	ADDRESS
0x8f8	BALANCE
0x8f9	ADDRESS
0x8fa	BALANCE
0x8fb	CALLDATALOAD
0x8fc	CALLDATASIZE
0x8fd	BALANCE
0x8fe	ADDRESS
0x8ff	CALLVALUE
0x900	CODESIZE
0x901	CALLDATASIZE
0x902	CALLDATALOAD
0x904	CALLDATASIZE
0x905	ADDRESS
0x906	ADDRESS
0x907	ADDRESS
0x908	CODESIZE
0x909	ADDRESS
0x90a	CONST
0x912	CALLDATASIZE
0x913	ADDRESS
0x914	CONST
0x917	ADDRESS
0x918	ADDRESS
0x919	ORIGIN
0x91a	ADDRESS
0x91b	CONST
0x91e	CALLER
0x91f	CALLER
0x920	BALANCE
0x921	CALLDATASIZE
0x922	CALLDATASIZE
0x923	ADDRESS
0x924	ADDRESS
0x925	ADDRESS
0x926	CODESIZE
0x927	BALANCE
0x928	CODESIZE
0x929	BALANCE
0x92a	CALLDATALOAD
0x92b	ORIGIN
0x92c	CALLDATASIZE
0x92d	ADDRESS
0x92e	ADDRESS
0x92f	CALLVALUE
0x930	CALLDATASIZE
0x931	ADDRESS
0x932	ORIGIN
0x933	ADDRESS
0x934	CALLDATALOAD
0x935	ORIGIN
0x936	CALLDATASIZE
0x937	ADDRESS
0x938	CALLVALUE
0x939	ADDRESS
0x93b	ADDRESS
0x93c	CODESIZE
0x93d	BALANCE
0x93f	ADDRESS
0x940	ORIGIN
0x941	ADDRESS
0x942	CODESIZE
0x943	ADDRESS
0x944	CALLDATALOAD
0x945	CALLVALUE
0x946	CODESIZE
0x947	CALLDATALOAD
0x949	ADDRESS
0x94a	ADDRESS
0x94b	CALLER
0x94d	ADDRESS
0x94e	CALLDATALOAD
0x94f	CALLDATALOAD
0x950	CALLDATASIZE
0x951	ADDRESS
0x952	ADDRESS
0x953	CALLER
0x954	CODESIZE
0x955	ADDRESS
0x956	CALLDATALOAD
0x957	CALLVALUE
0x958	CODESIZE
0x959	CALLDATALOAD
0x95b	ADDRESS
0x95c	ADDRESS
0x95d	CALLER
0x95f	ADDRESS
0x960	CALLDATALOAD
0x961	CALLDATALOAD
0x963	CONST
0x96b	CONST
0x970	CALLER
0x971	ORIGIN
0x972	CODESIZE
0x973	ADDRESS
0x974	CODESIZE
0x975	BALANCE
0x976	CALLDATALOAD
0x977	CONST
0x97d	CONST
0x983	CALLER
0x984	CALLDATASIZE
0x985	CONST
0x98a	BALANCE
0x98b	CODESIZE
0x98c	CALLVALUE
0x98d	CALLVALUE
0x98e	BALANCE
0x98f	ORIGIN
0x990	CONST
0x995	BALANCE
0x996	CONST
0x999	CONST
0x9a1	CONST
0x9a6	CODESIZE
0x9a7	CALLVALUE
0x9a9	ADDRESS
0x9aa	CALLDATALOAD
0x9ab	BALANCE
0x9ad	ADDRESS
0x9ae	CODESIZE
0x9af	BALANCE
0x9b0	CALLDATALOAD
0x9b1	ORIGIN
0x9b2	CALLDATASIZE
0x9b3	ADDRESS
0x9b4	ORIGIN
0x9b5	ADDRESS
0x9b6	ADDRESS
0x9b7	BALANCE
0x9b8	CALLDATASIZE
0x9b9	ADDRESS
0x9ba	CALLVALUE
0x9bb	ADDRESS
0x9bc	CALLDATALOAD
0x9bd	BALANCE
0x9be	CODESIZE
0x9bf	ADDRESS
0x9c1	BALANCE
0x9c2	ADDRESS
0x9c3	CALLER
0x9c5	ADDRESS
0x9c6	CONST
0x9c9	ADDRESS
0x9ca	CALLDATASIZE
0x9cb	ADDRESS
0x9cc	ADDRESS
0x9cd	BALANCE
0x9cf	BALANCE
0x9d1	ADDRESS
0x9d2	CALLDATALOAD
0x9d3	ADDRESS
0x9d4	CALLDATALOAD
0x9d5	CALLDATASIZE
0x9d6	CALLDATALOAD
0x9d7	CONST
0x9db	CALLVALUE
0x9dc	CALLDATASIZE
0x9dd	ADDRESS
0x9de	ORIGIN
0x9df	ADDRESS
0x9e0	CALLDATALOAD
0x9e1	ORIGIN
0x9e2	CALLDATASIZE
0x9e3	ADDRESS
0x9e4	ADDRESS
0x9e5	ADDRESS
0x9e7	ADDRESS
0x9e8	CODESIZE
0x9e9	BALANCE
0x9ea	CALLDATALOAD
0x9eb	ORIGIN
0x9ec	CALLDATASIZE
0x9ed	ADDRESS
0x9ee	CALLVALUE
0x9ef	ADDRESS
0x9f1	ADDRESS
0x9f2	ORIGIN
0x9f3	ADDRESS
0x9f4	CALLDATALOAD
0x9f5	CALLVALUE
0x9f6	CODESIZE
0x9f7	BALANCE
0x9f8	CALLDATALOAD
0x9f9	CALLDATASIZE
0x9fa	CALLDATALOAD
0x9fb	CONST
0x9ff	BALANCE
0xa00	CALLDATASIZE
0xa01	ADDRESS
0xa02	CONST
0xa05	ADDRESS
0xa06	ADDRESS
0xa07	ORIGIN
0xa08	ADDRESS
0xa09	CONST
0xa0c	CODESIZE
0xa0d	ORIGIN
0xa0e	BALANCE
0xa0f	CALLDATASIZE
0xa10	CALLDATASIZE
0xa11	ADDRESS
0xa12	ADDRESS
0xa13	ADDRESS
0xa15	ADDRESS
0xa16	CODESIZE
0xa17	BALANCE
0xa18	CALLDATALOAD
0xa19	ORIGIN
0xa1a	CALLDATASIZE
0xa1b	ADDRESS
0xa1c	ADDRESS
0xa1d	CALLVALUE
0xa1e	CALLDATASIZE
0xa1f	ADDRESS
0xa20	ORIGIN
0xa21	ADDRESS
0xa22	CALLDATALOAD
0xa23	ORIGIN
0xa24	CALLDATASIZE
0xa25	ADDRESS
0xa26	CALLVALUE
0xa27	ADDRESS
0xa28	CODESIZE
0xa29	BALANCE
0xa2a	ORIGIN
0xa2b	ADDRESS
0xa2c	CALLDATALOAD
0xa2d	CALLVALUE
0xa2e	CODESIZE
0xa2f	ORIGIN
0xa31	ADDRESS
0xa32	BALANCE
0xa33	ADDRESS
0xa34	BALANCE
0xa35	CALLDATALOAD
0xa36	CALLDATASIZE
0xa37	BALANCE
0xa38	ADDRESS
0xa39	CALLDATALOAD
0xa3a	ORIGIN
0xa3b	CALLER
0xa3c	CALLDATALOAD
0xa3e	CALLDATASIZE
0xa3f	ADDRESS
0xa40	ADDRESS
0xa41	ADDRESS
0xa42	CODESIZE
0xa43	ADDRESS
0xa44	CONST
0xa4c	CALLDATASIZE
0xa4d	ADDRESS
0xa4e	CONST
0xa51	ADDRESS
0xa52	ADDRESS
0xa53	ORIGIN
0xa54	ADDRESS
0xa55	CONST
0xa58	CODESIZE
0xa59	ADDRESS
0xa5a	CODESIZE
0xa5b	CALLVALUE
0xa5c	BALANCE
0xa5d	CALLDATASIZE
0xa5e	CALLDATASIZE
0xa5f	ADDRESS
0xa60	ADDRESS
0xa61	ADDRESS
0xa63	ADDRESS
0xa64	CODESIZE
0xa65	BALANCE
0xa66	CALLDATALOAD
0xa67	ORIGIN
0xa68	CALLDATASIZE
0xa69	ADDRESS
0xa6a	ADDRESS
0xa6b	CALLDATALOAD
0xa6c	CALLDATASIZE
0xa6d	ADDRESS
0xa6e	ORIGIN
0xa6f	ADDRESS
0xa71	ADDRESS
0xa72	CODESIZE
0xa73	BALANCE
0xa74	CALLDATALOAD
0xa75	ORIGIN
0xa76	CALLDATASIZE
0xa77	ADDRESS
0xa78	CALLVALUE
0xa79	ADDRESS
0xa7a	CODESIZE
0xa7b	ADDRESS
0xa7c	CODESIZE
0xa7d	CALLER
0xa7e	ORIGIN
0xa7f	ADDRESS
0xa80	CALLER
0xa81	CALLER
0xa83	ADDRESS
0xa85	CALLVALUE
0xa86	BALANCE
0xa87	CALLDATASIZE
0xa88	CODESIZE
0xa89	CALLER
0xa8a	CALLDATALOAD
0xa8b	ORIGIN
0xa8d	ORIGIN
0xa8f	ADDRESS
0xa90	CALLDATALOAD
0xa91	ORIGIN
0xa92	ORIGIN
0xa93	ADDRESS
0xa94	CALLDATALOAD
0xa95	CALLVALUE
0xa96	CODESIZE
0xa97	ORIGIN
0xa98	BALANCE
0xa99	BALANCE
0xa9a	BALANCE
0xa9b	CALLDATALOAD
0xa9c	CALLDATASIZE
0xa9d	BALANCE
0xa9e	ADDRESS
0xa9f	CALLDATALOAD
0xaa0	CALLDATALOAD
0xaa1	CALLDATASIZE
0xaa2	CALLDATALOAD
0xaa4	CALLDATASIZE
0xaa5	ADDRESS
0xaa6	ADDRESS
0xaa7	ADDRESS
0xaa8	CODESIZE
0xaa9	ADDRESS
0xaaa	CONST
0xab2	CALLDATASIZE
0xab3	ADDRESS
0xab4	CONST
0xab7	ADDRESS
0xab8	ADDRESS
0xab9	ORIGIN
0xaba	ADDRESS
0xabb	CONST
0xabe	CODESIZE
0xabf	ADDRESS
0xac0	CODESIZE
0xac1	CALLVALUE
0xac2	BALANCE
0xac3	CALLDATASIZE
0xac4	CALLDATASIZE
0xac5	ADDRESS
0xac6	ADDRESS
0xac7	ADDRESS
0xac8	CODESIZE
0xac9	BALANCE
0xaca	CODESIZE
0xacb	BALANCE
0xacc	CALLDATALOAD
0xacd	ORIGIN
0xace	CALLDATASIZE
0xacf	ADDRESS
0xad0	ADDRESS
0xad1	CALLVALUE
0xad2	CALLDATASIZE
0xad3	ADDRESS
0xad4	ORIGIN
0xad5	ADDRESS
0xad7	ADDRESS
0xad8	CODESIZE
0xad9	BALANCE
0xada	CALLDATALOAD
0xadb	ORIGIN
0xadc	CALLDATASIZE
0xadd	ADDRESS
0xade	CALLVALUE
0xadf	ADDRESS
0xae0	CODESIZE
0xae1	ADDRESS
0xae2	CODESIZE
0xae3	CALLER
0xae4	ORIGIN
0xae5	ADDRESS
0xae6	CODESIZE
0xae7	ADDRESS
0xae8	CALLDATALOAD
0xae9	CALLVALUE
0xaea	CODESIZE
0xaeb	CODESIZE
0xaed	ADDRESS
0xaee	ADDRESS
0xaef	CALLER
0xaf1	ADDRESS
0xaf2	CALLDATALOAD
0xaf3	CALLDATALOAD
0xaf4	CALLDATASIZE
0xaf5	ADDRESS
0xaf6	ADDRESS
0xaf7	CALLDATALOAD
0xaf8	CODESIZE
0xaf9	ORIGIN
0xafa	CALLDATALOAD
0xafb	ORIGIN
0xafc	CODESIZE
0xafd	ADDRESS
0xafe	CODESIZE
0xaff	CALLER
0xb00	ORIGIN
0xb01	ADDRESS
0xb02	CALLER
0xb03	CALLER
0xb05	ADDRESS
0xb07	CALLDATALOAD
0xb08	BALANCE
0xb09	CALLDATASIZE
0xb0a	CODESIZE
0xb0b	CALLER
0xb0c	CALLDATALOAD
0xb0d	ORIGIN
0xb0f	CALLER
0xb11	ADDRESS
0xb12	CALLDATALOAD
0xb13	ORIGIN
0xb14	CODESIZE
0xb15	ORIGIN
0xb17	ADDRESS
0xb18	ORIGIN
0xb19	ADDRESS
0xb1a	CODESIZE
0xb1b	ADDRESS
0xb1c	CALLDATALOAD
0xb1d	CALLVALUE
0xb1e	CODESIZE
0xb1f	CALLDATALOAD
0xb21	ADDRESS
0xb22	ADDRESS
0xb23	CALLER
0xb25	ADDRESS
0xb26	CALLDATALOAD
0xb27	CALLDATALOAD
0xb28	CALLDATASIZE
0xb29	ADDRESS
0xb2a	ADDRESS
0xb2b	CALLER
0xb2c	CODESIZE
0xb2d	ADDRESS
0xb2e	CALLDATALOAD
0xb2f	CALLVALUE
0xb30	CODESIZE
0xb31	CALLDATALOAD
0xb33	ADDRESS
0xb34	ADDRESS
0xb35	CALLER
0xb37	ADDRESS
0xb38	CALLDATALOAD
0xb39	CALLDATALOAD
0xb3b	ADDRESS
0xb3d	CONST
0xb45	CONST
0xb4a	CALLER
0xb4b	ORIGIN
0xb4c	CODESIZE
0xb4d	ADDRESS
0xb4e	CODESIZE
0xb4f	BALANCE
0xb50	CALLDATALOAD
0xb51	CONST
0xb57	CONST
0xb5d	CALLER
0xb5e	CALLDATASIZE
0xb5f	CONST
0xb64	BALANCE
0xb65	CODESIZE
0xb66	CALLVALUE
0xb67	CALLVALUE
0xb68	BALANCE
0xb69	ORIGIN
0xb6a	CONST
0xb6f	BALANCE
0xb70	CONST
0xb73	CONST
0xb7b	CONST
0xb80	CODESIZE
0xb81	CALLVALUE
0xb83	ADDRESS
0xb84	CALLDATALOAD
0xb85	BALANCE
0xb87	ADDRESS
0xb88	CODESIZE
0xb89	BALANCE
0xb8a	CALLDATALOAD
0xb8b	ORIGIN
0xb8c	CALLDATASIZE
0xb8d	ADDRESS
0xb8e	ORIGIN
0xb8f	ADDRESS
0xb90	ADDRESS
0xb91	BALANCE
0xb92	CALLDATASIZE
0xb93	ADDRESS
0xb94	CALLVALUE
0xb95	ADDRESS
0xb96	CALLDATALOAD
0xb97	BALANCE
0xb98	CODESIZE
0xb99	ADDRESS
0xb9b	BALANCE
0xb9c	ADDRESS
0xb9d	CALLER
0xb9f	ADDRESS
0xba0	CONST
0xba3	ADDRESS
0xba4	CALLDATASIZE
0xba5	ADDRESS
0xba6	ADDRESS
0xba7	BALANCE
0xba9	ORIGIN
0xbab	BALANCE
0xbac	CALLDATALOAD
0xbad	ADDRESS
0xbae	CALLDATALOAD
0xbaf	ADDRESS
0xbb0	CALLDATALOAD
0xbb1	CALLDATASIZE
0xbb2	CALLDATALOAD
0xbb3	CONST
0xbb7	BALANCE
0xbb8	CODESIZE
0xbb9	ADDRESS
0xbba	CALLDATALOAD
0xbbb	CALLVALUE
0xbbc	CALLDATASIZE
0xbbd	ADDRESS
0xbbe	ADDRESS
0xbbf	BALANCE
0xbc0	CODESIZE
0xbc1	BALANCE
0xbc2	CALLDATASIZE
0xbc3	ADDRESS
0xbc4	ADDRESS
0xbc5	BALANCE
0xbc6	BALANCE
0xbc7	CALLDATASIZE
0xbc8	BALANCE
0xbc9	CALLDATALOAD
0xbca	CALLDATASIZE
0xbcb	BALANCE
0xbcc	ADDRESS
0xbcd	BALANCE
0xbce	ADDRESS
0xbcf	ADDRESS
0xbd0	ADDRESS
0xbd1	ORIGIN
0xbd2	ADDRESS
0xbd3	CALLER
0xbd4	BALANCE
0xbd5	CALLDATASIZE
0xbd6	CALLDATASIZE
0xbd7	ADDRESS
0xbd8	ADDRESS
0xbd9	ORIGIN
0xbdb	ADDRESS
0xbdc	ADDRESS
0xbdd	CALLVALUE
0xbde	CODESIZE
0xbdf	ADDRESS
0xbe0	CALLDATASIZE
0xbe1	ADDRESS
0xbe2	BALANCE
0xbe3	CONST
0xbeb	ADDRESS
0xbed	BALANCE
0xbee	ADDRESS
0xbef	CALLVALUE
0xbf0	ADDRESS
0xbf1	ORIGIN
0xbf2	CALLDATASIZE
0xbf3	ADDRESS
0xbf4	ORIGIN
0xbf5	ADDRESS
0xbf6	ADDRESS
0xbf7	BALANCE
0xbf8	CALLDATASIZE
0xbf9	ADDRESS
0xbfa	CALLVALUE
0xbfb	ADDRESS
0xbfc	CALLDATALOAD
0xbfd	BALANCE
0xbff	ADDRESS
0xc00	CODESIZE
0xc01	BALANCE
0xc02	ADDRESS
0xc03	BALANCE
0xc04	CALLDATASIZE
0xc05	ADDRESS
0xc06	CALLVALUE
0xc07	ADDRESS
0xc08	CALLDATALOAD
0xc09	ORIGIN
0xc0a	CODESIZE
0xc0b	ADDRESS
0xc0d	ORIGIN
0xc0f	BALANCE
0xc11	ADDRESS
0xc12	CODESIZE
0xc13	BALANCE
0xc14	CODESIZE
0xc15	BALANCE
0xc16	CALLDATALOAD
0xc17	ORIGIN
0xc18	CALLDATASIZE
0xc19	ADDRESS
0xc1a	ORIGIN
0xc1b	ADDRESS
0xc1c	ADDRESS
0xc1d	BALANCE
0xc1e	CODESIZE
0xc1f	ORIGIN
0xc20	CODESIZE
0xc21	ADDRESS
0xc22	CALLDATALOAD
0xc23	CALLVALUE
0xc24	CALLDATASIZE
0xc25	ADDRESS
0xc26	ADDRESS
0xc27	BALANCE
0xc28	CODESIZE
0xc29	BALANCE
0xc2a	CALLDATASIZE
0xc2b	ADDRESS
0xc2c	ADDRESS
0xc2d	BALANCE
0xc2e	BALANCE
0xc2f	CALLDATASIZE
0xc30	BALANCE
0xc31	CALLDATALOAD
0xc32	CALLDATASIZE
0xc33	BALANCE
0xc34	ADDRESS
0xc35	BALANCE
0xc36	ADDRESS
0xc37	ADDRESS
0xc38	ADDRESS
0xc39	ORIGIN
0xc3a	ADDRESS
0xc3b	CALLER
0xc3c	BALANCE
0xc3d	CALLDATASIZE
0xc3e	CALLDATASIZE
0xc3f	ADDRESS
0xc40	ADDRESS
0xc41	ORIGIN
0xc43	ADDRESS
0xc44	ADDRESS
0xc45	CALLVALUE
0xc46	CODESIZE
0xc47	ADDRESS
0xc48	BALANCE
0xc49	CALLDATALOAD
0xc4a	CALLDATASIZE
0xc4b	BALANCE
0xc4c	ADDRESS
0xc4d	CALLER
0xc4e	CONST
0xc52	CODESIZE
0xc53	ADDRESS
0xc54	CALLDATASIZE
0xc55	ADDRESS
0xc56	BALANCE
0xc57	CONST
0xc60	CALLDATALOAD
0xc62	CALLDATASIZE
0xc63	BALANCE
0xc64	ADDRESS
0xc65	BALANCE
0xc66	ADDRESS
0xc67	ADDRESS
0xc68	CODESIZE
0xc69	ADDRESS
0xc6a	CODESIZE
0xc6b	CALLER
0xc6c	CALLDATALOAD
0xc6d	CALLVALUE
0xc6e	ADDRESS
0xc6f	CALLVALUE
0xc70	ADDRESS
0xc71	ORIGIN
0xc72	CODESIZE
0xc73	CALLER
0xc74	CALLDATALOAD
0xc75	ORIGIN
0xc77	BALANCE
0xc78	CALLDATASIZE
0xc79	ADDRESS
0xc7a	ORIGIN
0xc7b	ADDRESS
0xc7c	ADDRESS
0xc7d	BALANCE
0xc7f	BALANCE
0xc80	CALLDATASIZE
0xc81	BALANCE
0xc82	ADDRESS
0xc83	CALLER
0xc84	CONST
0xc87	CALLDATASIZE
0xc88	CALLDATALOAD
0xc89	CONST
0xc8d	CALLDATASIZE
0xc8e	CALLVALUE
0xc8f	CONST
0xc97	BALANCE
0xc98	ADDRESS
0xc9a	CONST
0xc9d	CALLDATASIZE
0xc9e	CALLDATALOAD
0xc9f	CONST
0xca3	ADDRESS
0xca4	CALLDATALOAD
0xca5	CALLDATASIZE
0xca6	CALLDATALOAD
0xca7	CONST
0xcab	ADDRESS
0xcac	CODESIZE
0xcad	CALLER
0xcae	CALLDATASIZE
0xcaf	BALANCE
0xcb0	ADDRESS
0xcb1	CALLDATASIZE
0xcb2	CALLDATASIZE
0xcb3	ADDRESS
0xcb4	CODESIZE
0xcb5	BALANCE
0xcb6	CODESIZE
0xcb7	CALLDATALOAD
0xcb8	CALLDATASIZE
0xcb9	BALANCE
0xcba	ADDRESS
0xcbb	CALLER
0xcbc	CONST
0xcbf	CALLDATASIZE
0xcc0	CALLDATALOAD
0xcc1	CONST
0xcc5	BALANCE
0xcc6	ADDRESS
0xcc9	CONST
0xccf	ADDRESS
0xcd0	ADDRESS
0xcd1	BALANCE
0xcd2	CALLDATASIZE
0xcd3	ADDRESS
0xcd4	CONST
0xcd7	ADDRESS
0xcd8	ADDRESS
0xcd9	ORIGIN
0xcda	ADDRESS
0xcdb	CONST
0xcde	BALANCE
0xcdf	CALLDATASIZE
0xce0	CALLDATASIZE
0xce1	CALLER
0xce2	CODESIZE
0xce3	CONST
0xceb	CALLER
0xcec	CODESIZE
0xced	CALLDATASIZE
0xcee	CALLER
0xcef	ADDRESS
0xcf0	CODESIZE
0xcf2	CALLDATASIZE
0xcf3	ADDRESS
0xcf4	CALLVALUE
0xcf5	ADDRESS
0xcf6	CALLDATALOAD
0xcf7	BALANCE
0xcf8	CODESIZE
0xcf9	CALLDATALOAD
0xcfa	CALLDATASIZE
0xcfb	CALLER
0xcfc	CONST
0xd04	BALANCE
0xd05	CALLDATASIZE
0xd07	CONST
0xd0c	ADDRESS
0xd0d	ADDRESS
0xd0e	ADDRESS
0xd0f	ADDRESS
0xd10	ADDRESS
0xd11	ADDRESS
0xd12	ADDRESS
0xd13	ADDRESS
0xd14	ADDRESS
0xd15	ADDRESS
0xd16	ADDRESS
0xd17	ADDRESS
0xd18	ADDRESS
0xd19	ADDRESS
0xd1a	ADDRESS
0xd1b	ADDRESS
0xd1c	ADDRESS
0xd1d	ADDRESS
0xd1e	ADDRESS
0xd1f	ADDRESS
0xd20	ADDRESS
0xd21	ADDRESS
0xd22	ADDRESS
0xd23	ADDRESS
0xd24	ADDRESS
0xd25	ADDRESS
0xd26	ADDRESS
0xd27	ADDRESS
0xd28	ADDRESS
0xd29	ADDRESS
0xd2a	ADDRESS
0xd2b	ADDRESS
0xd2c	ADDRESS
0xd2d	ADDRESS
0xd2e	ADDRESS
0xd2f	ADDRESS
0xd30	ADDRESS
0xd31	ADDRESS
0xd32	ADDRESS
0xd33	ADDRESS
0xd34	ADDRESS
0xd35	ADDRESS
0xd36	ADDRESS
0xd37	ADDRESS
0xd38	ADDRESS
0xd39	ADDRESS
0xd3a	ADDRESS
0xd3b	ADDRESS
0xd3c	ADDRESS
0xd3d	ADDRESS
0xd3e	ADDRESS
0xd3f	ADDRESS
0xd40	ADDRESS
0xd41	ADDRESS
0xd42	ADDRESS
0xd43	ORIGIN
0xd44	CODESIZE
0xd45	BALANCE
0xd46	CALLDATALOAD
0xd47	ORIGIN
0xd48	CALLDATASIZE
0xd49	ADDRESS
0xd4a	ADDRESS
0xd4b	CALLVALUE
0xd4c	ADDRESS
0xd4d	BALANCE
0xd4e	CODESIZE
0xd4f	ADDRESS
0xd50	CODESIZE
0xd51	CALLDATALOAD
0xd52	CALLDATASIZE
0xd53	ADDRESS
0xd54	ADDRESS
0xd55	BALANCE
0xd56	CALLDATASIZE
0xd57	ADDRESS
0xd58	CONST
0xd5b	ADDRESS
0xd5c	ADDRESS
0xd5d	ORIGIN
0xd5e	ADDRESS
0xd5f	CONST
0xd62	BALANCE
0xd63	CALLDATASIZE
0xd64	CALLDATASIZE
0xd65	ADDRESS
0xd66	ADDRESS
0xd67	BALANCE
0xd68	CALLDATASIZE
0xd69	ADDRESS
0xd6a	CONST
0xd6d	ADDRESS
0xd6e	ADDRESS
0xd6f	ORIGIN
0xd70	ADDRESS
0xd71	CONST
0xd74	BALANCE
0xd75	CALLDATASIZE
0xd76	CODESIZE
0xd77	BALANCE
0xd78	CALLDATALOAD
0xd79	ORIGIN
0xd7a	CALLDATASIZE
0xd7b	ADDRESS
0xd7c	ORIGIN
0xd7d	ADDRESS
0xd7e	ADDRESS
0xd7f	BALANCE
0xd80	CODESIZE
0xd81	CALLVALUE
0xd82	CODESIZE
0xd83	BALANCE
0xd84	CALLDATALOAD
0xd85	ORIGIN
0xd86	CALLDATASIZE
0xd87	ADDRESS
0xd88	ORIGIN
0xd89	ADDRESS
0xd8a	ADDRESS
0xd8b	BALANCE
0xd8c	CODESIZE
0xd8d	CALLER
0xd8e	CALLDATASIZE
0xd8f	ADDRESS
0xd90	ADDRESS
0xd91	BALANCE
0xd92	CALLDATASIZE
0xd93	ADDRESS
0xd94	CONST
0xd97	ADDRESS
0xd98	ADDRESS
0xd99	ORIGIN
0xd9a	ADDRESS
0xd9b	CONST
0xd9e	BALANCE
0xd9f	CALLDATASIZE
0xda0	CALLDATASIZE
0xda1	ADDRESS
0xda2	ADDRESS
0xda3	BALANCE
0xda4	CALLDATASIZE
0xda5	ADDRESS
0xda6	CONST
0xda9	ADDRESS
0xdaa	ADDRESS
0xdab	ORIGIN
0xdac	ADDRESS
0xdad	CONST
0xdb0	BALANCE
0xdb1	CALLDATASIZE
0xdb2	CODESIZE
0xdb3	BALANCE
0xdb4	CALLDATALOAD
0xdb5	ORIGIN
0xdb6	CALLDATASIZE
0xdb7	ADDRESS
0xdb8	ORIGIN
0xdb9	ADDRESS
0xdba	ADDRESS
0xdbb	BALANCE
0xdbc	CODESIZE
0xdbd	ADDRESS
0xdbe	CALLDATASIZE
0xdbf	ADDRESS
0xdc0	ORIGIN
0xdc1	ADDRESS
0xdc2	ADDRESS
0xdc3	BALANCE
0xdc4	CODESIZE
0xdc5	ORIGIN
0xdc6	CODESIZE
0xdc7	BALANCE
0xdc8	ADDRESS
0xdc9	CALLER
0xdca	CODESIZE
0xdcb	ORIGIN
0xdcc	CALLDATALOAD
0xdcd	ORIGIN
0xdce	CODESIZE
0xdcf	CALLER
0xdd0	CODESIZE
0xdd1	BALANCE
0xdd2	CODESIZE
0xdd3	BALANCE
0xdd4	CALLDATALOAD
0xdd5	BALANCE
0xdd6	CODESIZE
0xdd7	BALANCE
0xdd8	CALLDATALOAD
0xdd9	ORIGIN
0xdda	CALLDATASIZE
0xddb	ADDRESS
0xddc	ORIGIN
0xddd	ADDRESS
0xdde	ADDRESS
0xddf	BALANCE
0xde1	BALANCE
0xde2	CALLDATALOAD
0xde3	ADDRESS
0xde4	CODESIZE
0xde5	ADDRESS
0xde6	CALLDATALOAD
0xde7	BALANCE
0xde9	ADDRESS
0xdea	CALLDATASIZE
0xdeb	ADDRESS
0xdec	ORIGIN
0xded	ADDRESS
0xdee	ADDRESS
0xdef	BALANCE
0xdf1	ADDRESS
0xdf2	CODESIZE
0xdf3	ADDRESS
0xdf4	CODESIZE
0xdf5	CALLER
0xdf6	CODESIZE
0xdf7	CALLER
0xdf8	CALLDATASIZE
0xdf9	ADDRESS
0xdfa	ADDRESS
0xdfb	ADDRESS
0xdfc	CALLDATALOAD
0xdfd	CONST
0xe01	BALANCE
0xe02	BALANCE
0xe03	ADDRESS
0xe04	BALANCE
0xe05	CALLDATALOAD
0xe06	CALLDATASIZE
0xe07	BALANCE
0xe08	ADDRESS
0xe0a	BALANCE
0xe0b	CALLDATASIZE
0xe0c	CALLDATALOAD
0xe0e	CODESIZE
0xe0f	ADDRESS
0xe10	CODESIZE
0xe11	ORIGIN
0xe12	ADDRESS
0xe13	BALANCE
0xe14	CALLDATALOAD
0xe15	BALANCE
0xe16	CODESIZE
0xe17	CALLER
0xe18	CODESIZE
0xe19	ORIGIN
0xe1a	ADDRESS
0xe1b	BALANCE
0xe1c	CALLDATALOAD
0xe1d	ORIGIN
0xe1e	CALLDATASIZE
0xe1f	ADDRESS
0xe20	ORIGIN
0xe21	ADDRESS
0xe22	ADDRESS
0xe23	BALANCE
0xe24	CALLDATASIZE
0xe25	BALANCE
0xe26	ADDRESS
0xe27	CALLDATASIZE
0xe28	CONST
0xe30	CALLDATALOAD
0xe31	ADDRESS
0xe32	CALLDATALOAD
0xe33	ADDRESS
0xe34	CALLDATALOAD
0xe35	ADDRESS
0xe37	ADDRESS
0xe38	CALLDATALOAD
0xe39	ADDRESS
0xe3b	ADDRESS
0xe3c	CODESIZE
0xe3d	BALANCE
0xe3e	ADDRESS
0xe3f	BALANCE
0xe41	ADDRESS
0xe42	CALLDATASIZE
0xe43	ADDRESS
0xe44	BALANCE
0xe45	CONST
0xe4d	BALANCE
0xe4e	ADDRESS
0xe50	CALLVALUE
0xe51	CALLER
0xe52	CALLDATALOAD
0xe54	CODESIZE
0xe55	ADDRESS
0xe56	CODESIZE
0xe57	ORIGIN
0xe58	ADDRESS
0xe59	CALLER
0xe5a	CODESIZE
0xe5b	ADDRESS
0xe5c	CALLDATALOAD
0xe5d	BALANCE
0xe5e	CALLDATASIZE
0xe5f	ADDRESS
0xe60	ADDRESS
0xe61	BALANCE
0xe62	CODESIZE
0xe63	CALLER
0xe64	CALLDATASIZE
0xe65	ADDRESS
0xe66	ORIGIN
0xe67	ADDRESS
0xe68	ADDRESS
0xe69	CALLER
0xe6a	CALLDATASIZE
0xe6b	BALANCE
0xe6c	ADDRESS
0xe6d	BALANCE
0xe6e	ADDRESS
0xe6f	ADDRESS
0xe70	ADDRESS
0xe71	CONST
0xe74	BALANCE
0xe76	BALANCE
0xe77	CALLDATASIZE
0xe78	CODESIZE
0xe79	BALANCE
0xe7a	CALLDATALOAD
0xe7b	ORIGIN
0xe7c	CALLDATASIZE
0xe7d	ADDRESS
0xe7e	ORIGIN
0xe7f	ADDRESS
0xe80	ADDRESS
0xe81	BALANCE
0xe83	BALANCE
0xe84	CALLDATALOAD
0xe85	ADDRESS
0xe86	CALLDATALOAD
0xe87	CONST
0xe8b	CALLDATALOAD
0xe8c	CALLDATALOAD
0xe8d	ADDRESS
0xe8e	CALLDATALOAD
0xe8f	ADDRESS
0xe90	CALLDATALOAD
0xe91	ADDRESS
0xe92	CALLDATALOAD
0xe93	ADDRESS
0xe94	CALLDATALOAD
0xe95	ADDRESS
0xe96	CALLDATALOAD
0xe97	ADDRESS
0xe98	CALLDATASIZE
0xe99	ADDRESS
0xe9a	ADDRESS
0xe9b	ADDRESS
0xe9c	CALLDATASIZE
0xe9d	ADDRESS
0xe9e	CALLVALUE
0xe9f	ADDRESS
0xea0	CALLDATALOAD
0xea1	BALANCE
0xea2	CODESIZE
0xea3	ADDRESS
0xea4	CODESIZE
0xea5	CALLER
0xea6	ADDRESS
0xea7	CALLER
0xea8	CODESIZE
0xea9	BALANCE
0xeaa	CALLDATASIZE
0xeab	ADDRESS
0xeac	ADDRESS
0xead	ADDRESS
0xeae	CODESIZE
0xeb0	CODESIZE
0xeb1	ADDRESS
0xeb2	CALLER
0xeb3	CONST
0xeb7	CALLDATALOAD
0xeb8	CALLDATASIZE
0xeb9	BALANCE
0xeba	ADDRESS
0xebc	CALLDATASIZE
0xebd	CALLVALUE
0xebe	CALLDATALOAD
0xec0	CALLDATASIZE
0xec1	ADDRESS
0xec2	ADDRESS
0xec3	ADDRESS
0xec4	CODESIZE
0xec5	ADDRESS
0xec6	CONST
0xece	CONST
0xed3	CALLER
0xed4	CONST
0xedc	ADDRESS
0xedf	CALLDATALOAD
0xee0	CALLDATALOAD
0xee2	CALLDATASIZE
0xee3	ADDRESS
0xee4	ADDRESS
0xee5	ADDRESS
0xee6	CODESIZE
0xee7	ADDRESS
0xee8	CONST
0xef0	CALLDATALOAD
0xef1	ADDRESS
0xef2	CALLDATASIZE
0xef3	ADDRESS
0xef4	ADDRESS
0xef5	BALANCE
0xef7	BALANCE
0xef8	CALLDATALOAD
0xef9	ADDRESS
0xefa	CALLDATALOAD
0xefb	CONST
0xeff	CALLER
0xf01	ORIGIN
0xf02	CALLDATALOAD
0xf03	ADDRESS
0xf04	CALLDATALOAD
0xf05	ADDRESS
0xf06	CALLDATALOAD
0xf07	ADDRESS
0xf08	CALLDATALOAD
0xf09	CALLDATASIZE
0xf0a	CALLDATALOAD
0xf0b	CONST
0xf0f	CALLDATALOAD
0xf10	CALLDATASIZE
0xf11	ADDRESS
0xf12	ORIGIN
0xf13	ADDRESS
0xf15	ADDRESS
0xf16	CODESIZE
0xf17	BALANCE
0xf18	CALLDATALOAD
0xf19	ORIGIN
0xf1a	CALLDATASIZE
0xf1b	ADDRESS
0xf1c	ADDRESS
0xf1d	ADDRESS
0xf1f	ORIGIN
0xf20	CODESIZE
0xf21	CALLER
0xf22	CALLDATALOAD
0xf23	ORIGIN
0xf24	CALLDATASIZE
0xf25	ADDRESS
0xf26	CALLVALUE
0xf27	ADDRESS
0xf28	CODESIZE
0xf29	ADDRESS
0xf2a	CODESIZE
0xf2b	CALLVALUE
0xf2c	ORIGIN
0xf2d	ADDRESS
0xf2f	ADDRESS
0xf31	BALANCE
0xf32	CALLDATALOAD
0xf33	ORIGIN
0xf35	ADDRESS
0xf36	CODESIZE
0xf37	ORIGIN
0xf38	CALLDATALOAD
0xf39	ORIGIN
0xf3b	ADDRESS
0xf3c	ORIGIN
0xf3d	ADDRESS
0xf3e	CALLDATALOAD
0xf3f	CALLVALUE
0xf40	CODESIZE
0xf41	BALANCE
0xf42	CALLDATALOAD
0xf43	CALLDATASIZE
0xf44	CALLDATALOAD
0xf45	CONST
0xf49	ADDRESS
0xf4a	CALLDATASIZE
0xf4b	ADDRESS
0xf4c	ADDRESS
0xf4d	BALANCE
0xf4e	CALLDATASIZE
0xf4f	ADDRESS
0xf50	CONST
0xf53	ADDRESS
0xf54	ADDRESS
0xf55	ORIGIN
0xf56	ADDRESS
0xf57	CONST
0xf5a	CODESIZE
0xf5b	CALLER
0xf5c	BALANCE
0xf5d	CALLDATASIZE
0xf5e	BALANCE
0xf5f	CALLDATALOAD
0xf60	BALANCE
0xf61	CALLDATALOAD
0xf62	CALLDATASIZE
0xf63	BALANCE
0xf64	ADDRESS
0xf66	CONST
0xf6a	CALLDATASIZE
0xf6b	ADDRESS
0xf6c	ADDRESS
0xf6d	ADDRESS
0xf6e	CODESIZE
0xf6f	ADDRESS
0xf70	CONST
0xf78	CALLDATASIZE
0xf79	ADDRESS
0xf7a	CONST
0xf7d	ADDRESS
0xf7e	ADDRESS
0xf7f	ORIGIN
0xf80	ADDRESS
0xf81	CONST
0xf84	CODESIZE
0xf85	CALLVALUE
0xf86	BALANCE
0xf87	CALLDATASIZE
0xf88	CALLDATASIZE
0xf89	ADDRESS
0xf8a	ADDRESS
0xf8b	ADDRESS
0xf8d	ADDRESS
0xf8e	CODESIZE
0xf8f	BALANCE
0xf90	CALLDATALOAD
0xf91	ORIGIN
0xf92	CALLDATASIZE
0xf93	ADDRESS
0xf94	ADDRESS
0xf95	CALLVALUE
0xf96	CALLDATASIZE
0xf97	ADDRESS
0xf98	ORIGIN
0xf99	ADDRESS
0xf9a	CALLDATALOAD
0xf9b	ORIGIN
0xf9c	CALLDATASIZE
0xf9d	ADDRESS
0xf9e	CALLVALUE
0xf9f	ADDRESS
0xfa1	ADDRESS
0xfa2	ORIGIN
0xfa3	ADDRESS
0xfa4	CALLDATALOAD
0xfa5	CALLVALUE
0xfa6	CODESIZE
0xfa7	ORIGIN
0xfa9	ADDRESS
0xfaa	BALANCE
0xfab	ADDRESS
0xfac	BALANCE
0xfad	CALLDATALOAD
0xfae	CALLDATASIZE
0xfaf	BALANCE
0xfb0	ADDRESS
0xfb2	CONST
0xfb8	ADDRESS
0xfb9	ADDRESS
0xfba	CODESIZE
0xfbb	ADDRESS
0xfbc	CONST
0xfc4	CALLDATASIZE
0xfc5	ADDRESS
0xfc6	CONST
0xfc9	ADDRESS
0xfca	ADDRESS
0xfcb	ORIGIN
0xfcc	ADDRESS
0xfcd	CONST
0xfd0	CODESIZE
0xfd1	CALLER
0xfd2	BALANCE
0xfd3	CALLDATASIZE
0xfd4	CALLDATASIZE
0xfd5	ADDRESS
0xfd6	ADDRESS
0xfd7	ADDRESS
0xfd9	ADDRESS
0xfda	CODESIZE
0xfdb	BALANCE
0xfdc	CALLDATALOAD
0xfdd	ORIGIN
0xfde	CALLDATASIZE
0xfdf	ADDRESS
0xfe0	ADDRESS
0xfe1	CALLVALUE
0xfe2	CALLDATASIZE
0xfe3	ADDRESS
0xfe4	ORIGIN
0xfe5	ADDRESS
0xfe6	CALLDATALOAD
0xfe7	ORIGIN
0xfe8	CALLDATASIZE
0xfe9	ADDRESS
0xfea	CALLVALUE
0xfeb	ADDRESS
0xfed	ADDRESS
0xfee	ORIGIN
0xfef	ADDRESS
0xff0	CALLDATALOAD
0xff1	CALLVALUE
0xff2	CODESIZE
0xff3	ORIGIN
0xff4	CODESIZE
0xff5	BALANCE
0xff6	ADDRESS
0xff7	BALANCE
0xff8	BALANCE
0xff9	BALANCE
0xffa	CALLDATASIZE
0xffb	BALANCE
0xffc	ADDRESS
0xffd	CODESIZE
0xffe	ADDRESS
0xfff	CALLDATALOAD
0x1000	CALLDATALOAD
0x1002	CALLDATASIZE
0x1003	ADDRESS
0x1004	ADDRESS
0x1005	ADDRESS
0x1006	CODESIZE
0x1007	ADDRESS
0x1008	CONST
0x1010	ADDRESS
0x1011	BALANCE
0x1012	CALLDATASIZE
0x1013	ADDRESS
0x1014	CONST
0x1017	ADDRESS
0x1018	ADDRESS
0x1019	ORIGIN
0x101a	ADDRESS
0x101b	CONST
0x101e	CODESIZE
0x101f	ADDRESS
0x1020	CODESIZE
0x1021	CALLER
0x1022	BALANCE
0x1023	CALLDATASIZE
0x1024	CALLDATASIZE
0x1025	ADDRESS
0x1026	ADDRESS
0x1027	ADDRESS
0x1028	CODESIZE
0x1029	BALANCE
0x102a	CODESIZE
0x102b	BALANCE
0x102c	CALLDATALOAD
0x102d	ORIGIN
0x102e	CALLDATASIZE
0x102f	ADDRESS
0x1030	ADDRESS
0x1031	CALLVALUE
0x1032	CALLDATASIZE
0x1033	ADDRESS
0x1034	ORIGIN
0x1035	ADDRESS
0x1036	CALLDATALOAD
0x1037	ORIGIN
0x1038	CALLDATASIZE
0x1039	ADDRESS
0x103a	CALLVALUE
0x103b	ADDRESS
0x103c	CODESIZE
0x103d	ADDRESS
0x103e	CODESIZE
0x103f	ORIGIN
0x1040	ORIGIN
0x1041	ADDRESS
0x1042	CODESIZE
0x1043	ADDRESS
0x1044	CALLDATALOAD
0x1045	CALLVALUE
0x1047	CALLVALUE
0x1048	CODESIZE
0x1049	CODESIZE
0x104a	BALANCE
0x104b	CALLDATASIZE
0x104c	CODESIZE
0x104d	ADDRESS
0x104e	CODESIZE
0x104f	CALLVALUE
0x1050	CALLDATALOAD
0x1051	ORIGIN
0x1052	CODESIZE
0x1053	ORIGIN
0x1054	CODESIZE
0x1055	CALLVALUE
0x1056	ORIGIN
0x1057	ADDRESS
0x1058	CODESIZE
0x1059	ADDRESS
0x105a	CALLDATALOAD
0x105b	CALLVALUE
0x105c	CODESIZE
0x105d	CODESIZE
0x105e	CODESIZE
0x105f	BALANCE
0x1060	ADDRESS
0x1061	CALLER
0x1063	ADDRESS
0x1065	BALANCE
0x1066	CALLDATALOAD
0x1067	CALLDATALOAD
0x1069	CALLER
0x106a	CODESIZE
0x106b	CALLDATALOAD
0x106d	ADDRESS
0x106e	CALLDATALOAD
0x106f	ORIGIN
0x1070	CODESIZE
0x1071	BALANCE
0x1072	CALLDATALOAD
0x1073	CALLVALUE
0x1074	CODESIZE
0x1076	ADDRESS
0x1077	BALANCE
0x1079	ADDRESS
0x107b	BALANCE
0x107c	CALLDATALOAD
0x107d	CALLDATALOAD
0x107f	BALANCE
0x1081	ADDRESS
0x1083	CALLER
0x1084	ADDRESS
0x1085	BALANCE
0x1087	ORIGIN
0x1089	CONST
0x1091	CONST
0x1097	CODESIZE
0x1099	CONST
0x109d	ORIGIN
0x109e	CONST
0x10a2	CONST
0x10ab	CALLDATALOAD
0x10ac	ORIGIN
0x10ad	CONST
0x10b1	BALANCE
0x10b2	CALLDATASIZE
0x10b3	CALLER
0x10b4	CONST
0x10b9	CALLDATASIZE
0x10ba	ORIGIN
0x10bb	CODESIZE
0x10bc	CONST
0x10c4	ORIGIN
0x10c5	CALLER
0x10c6	CONST
0x10cb	ADDRESS
0x10cc	CODESIZE
0x10cd	CALLDATALOAD
0x10cf	ADDRESS
0x10d0	CALLDATALOAD
0x10d1	BALANCE
0x10d3	ADDRESS
0x10d4	CODESIZE
0x10d5	BALANCE
0x10d6	CALLDATALOAD
0x10d7	ORIGIN
0x10d8	CALLDATASIZE
0x10d9	ADDRESS
0x10da	ORIGIN
0x10db	ADDRESS
0x10dc	ADDRESS
0x10dd	BALANCE
0x10de	CALLDATASIZE
0x10df	ADDRESS
0x10e0	CALLVALUE
0x10e1	ADDRESS
0x10e2	CALLDATALOAD
0x10e3	BALANCE
0x10e4	CODESIZE
0x10e5	ADDRESS
0x10e7	BALANCE
0x10e8	ADDRESS
0x10e9	CALLER
0x10eb	ADDRESS
0x10ec	CONST
0x10ef	ADDRESS
0x10f0	ADDRESS
0x10f1	BALANCE
0x10f2	CALLDATASIZE
0x10f3	ADDRESS
0x10f4	CONST
0x10f7	ADDRESS
0x10f8	ADDRESS
0x10f9	ORIGIN
0x10fa	ADDRESS
0x10fb	CONST
0x10fe	CODESIZE
0x10ff	ADDRESS
0x1100	CODESIZE
0x1101	CALLVALUE
0x1102	BALANCE
0x1103	CALLDATASIZE
0x1104	CALLDATASIZE
0x1105	ADDRESS
0x1106	ADDRESS
0x1107	ADDRESS
0x1109	ADDRESS
0x110a	CODESIZE
0x110b	BALANCE
0x110c	CALLDATALOAD
0x110d	ORIGIN
0x110e	CALLDATASIZE
0x110f	ADDRESS
0x1110	ADDRESS
0x1111	CALLVALUE
0x1112	CALLDATASIZE
0x1113	ADDRESS
0x1114	ORIGIN
0x1115	ADDRESS
0x1116	CALLDATALOAD
0x1117	ORIGIN
0x1118	CALLDATASIZE
0x1119	ADDRESS
0x111a	CALLVALUE
0x111b	ADDRESS
0x111c	CODESIZE
0x111d	ADDRESS
0x111e	CODESIZE
0x111f	ORIGIN
0x1120	ORIGIN
0x1121	ADDRESS
0x1122	CALLDATALOAD
0x1123	CALLVALUE
0x1125	ORIGIN
0x1126	CODESIZE
0x1128	BALANCE
0x1129	CALLDATASIZE
0x112a	CODESIZE
0x112b	ORIGIN
0x112c	CALLDATALOAD
0x112d	ORIGIN
0x112f	ADDRESS
0x1130	ORIGIN
0x1131	ADDRESS
0x1132	CALLDATALOAD
0x1133	CALLVALUE
0x1134	ADDRESS
0x1135	BALANCE
0x1136	CODESIZE
0x1137	BALANCE
0x1138	BALANCE
0x1139	CALLVALUE
0x113a	CALLDATASIZE
0x113b	BALANCE
0x113c	ADDRESS
0x113d	CODESIZE
0x113e	CONST
0x1142	CONST
0x114a	CALLDATALOAD
0x114b	ADDRESS
0x114c	CALLDATALOAD
0x114d	ADDRESS
0x114e	CALLDATALOAD
0x114f	CALLDATASIZE
0x1150	ADDRESS
0x1151	ADDRESS
0x1152	CONST
0x1155	CALLDATALOAD
0x1156	CALLDATASIZE
0x1157	ORIGIN
0x1159	CONST
0x115d	ORIGIN
0x115e	CALLER
0x115f	ADDRESS
0x1160	CALLDATALOAD
0x1161	CODESIZE
0x1162	ORIGIN
0x1163	ADDRESS
0x1164	CONST
0x1168	CONST
0x116f	CONST
0x1174	CONST
0x117c	CALLVALUE
0x117d	ADDRESS
0x117e	CONST
0x1184	CALLDATASIZE
0x1185	ORIGIN
0x1186	ADDRESS
0x1187	CONST
0x118c	CONST
0x1194	BALANCE
0x1195	CODESIZE
0x1196	CONST
0x1199	CALLVALUE
0x119a	ADDRESS
0x119b	CONST
0x11a3	CONST
0x24	CALLDATACOPY
0x95	CALLDATACOPY
0xa8	CALLDATACOPY
0xc1	CALLDATACOPY
0xf2	CALLDATACOPY
0x108	CALLDATACOPY
0x119	CALLDATACOPY
0x15b	CALLDATACOPY
0x29d	CALLDATACOPY
0x309	CALLDATACOPY
0x353	CALLDATACOPY
0x3b9	CALLDATACOPY
0x421	CALLDATACOPY
0x45f	CALLDATACOPY
0x4a3	CALLDATACOPY
0x4c9	CALLDATACOPY
0x5af	CALLDATACOPY
0x613	CALLDATACOPY
0x6b7	CALLDATACOPY
0x6c5	CALLDATACOPY
0x6c7	CALLDATACOPY
0x731	CALLDATACOPY
0x821	CALLDATACOPY
0x895	CALLDATACOPY
0x903	CALLDATACOPY
0x962	CALLDATACOPY
0x96f	CALLDATACOPY
0x9a0	CALLDATACOPY
0xa3d	CALLDATACOPY
0xaa3	CALLDATACOPY
0xb3c	CALLDATACOPY
0xb49	CALLDATACOPY
0xb7a	CALLDATACOPY
0xc51	CALLDATACOPY
0xc5f	CALLDATACOPY
0xc61	CALLDATACOPY
0xc99	CALLDATACOPY
0xcc7	CALLDATACOPY
0xcc8	CALLDATACOPY
0xcf1	CALLDATACOPY
0xd06	CALLDATACOPY
0xe09	CALLDATACOPY
0xe0d	CALLDATACOPY
0xe4f	CALLDATACOPY
0xe53	CALLDATACOPY
0xeaf	CALLDATACOPY
0xebb	CALLDATACOPY
0xebf	CALLDATACOPY
0xedd	CALLDATACOPY
0xede	CALLDATACOPY
0xee1	CALLDATACOPY
0xf65	CALLDATACOPY
0xfb1	CALLDATACOPY
0x1001	CALLDATACOPY
0x1075	CALLDATACOPY
0x1088	CALLDATACOPY
0x1127	CALLDATACOPY
0x1141	CALLDATACOPY
0x1158	CALLDATACOPY
0x115c	CALLDATACOPY
0x85	CODECOPY
0xde	CODECOPY
0x109	CODECOPY
0x117	CODECOPY
0x11e	CODECOPY
0x138	CODECOPY
0x1b6	CODECOPY
0x1ce	CODECOPY
0x1d6	CODECOPY
0x1de	CODECOPY
0x224	CODECOPY
0x228	CODECOPY
0x22e	CODECOPY
0x263	CODECOPY
0x270	CODECOPY
0x288	CODECOPY
0x28c	CODECOPY
0x2dc	CODECOPY
0x2f4	CODECOPY
0x2f8	CODECOPY
0x307	CODECOPY
0x318	CODECOPY
0x32a	CODECOPY
0x33e	CODECOPY
0x342	CODECOPY
0x37e	CODECOPY
0x3e0	CODECOPY
0x3e4	CODECOPY
0x430	CODECOPY
0x4c7	CODECOPY
0x53c	CODECOPY
0x546	CODECOPY
0x548	CODECOPY
0x54e	CODECOPY
0x556	CODECOPY
0x55c	CODECOPY
0x584	CODECOPY
0x596	CODECOPY
0x598	CODECOPY
0x59a	CODECOPY
0x5b2	CODECOPY
0x5b4	CODECOPY
0x5be	CODECOPY
0x5ea	CODECOPY
0x606	CODECOPY
0x640	CODECOPY
0x652	CODECOPY
0x664	CODECOPY
0x672	CODECOPY
0x674	CODECOPY
0x676	CODECOPY
0x6a8	CODECOPY
0x6dc	CODECOPY
0x6e4	CODECOPY
0x6f4	CODECOPY
0x6f6	CODECOPY
0x708	CODECOPY
0x714	CODECOPY
0x71c	CODECOPY
0x734	CODECOPY
0x770	CODECOPY
0x77e	CODECOPY
0x78e	CODECOPY
0x798	CODECOPY
0x79a	CODECOPY
0x7a2	CODECOPY
0x7aa	CODECOPY
0x7ac	CODECOPY
0x7dc	CODECOPY
0x7ea	CODECOPY
0x7fc	CODECOPY
0x7fe	CODECOPY
0x806	CODECOPY
0x808	CODECOPY
0x80c	CODECOPY
0x846	CODECOPY
0x854	CODECOPY
0x866	CODECOPY
0x868	CODECOPY
0x870	CODECOPY
0x872	CODECOPY
0x87e	CODECOPY
0x882	CODECOPY
0x8a2	CODECOPY
0x8a4	CODECOPY
0x8da	CODECOPY
0x8f6	CODECOPY
0x93a	CODECOPY
0x93e	CODECOPY
0x948	CODECOPY
0x94c	CODECOPY
0x95a	CODECOPY
0x95e	CODECOPY
0x97c	CODECOPY
0x99f	CODECOPY
0x9a8	CODECOPY
0x9ac	CODECOPY
0x9c0	CODECOPY
0x9c4	CODECOPY
0x9ce	CODECOPY
0x9d0	CODECOPY
0x9e6	CODECOPY
0x9f0	CODECOPY
0xa14	CODECOPY
0xa30	CODECOPY
0xa62	CODECOPY
0xa70	CODECOPY
0xa82	CODECOPY
0xa84	CODECOPY
0xa8c	CODECOPY
0xa8e	CODECOPY
0xad6	CODECOPY
0xaec	CODECOPY
0xaf0	CODECOPY
0xb04	CODECOPY
0xb06	CODECOPY
0xb0e	CODECOPY
0xb10	CODECOPY
0xb16	CODECOPY
0xb20	CODECOPY
0xb24	CODECOPY
0xb32	CODECOPY
0xb36	CODECOPY
0xb3a	CODECOPY
0xb56	CODECOPY
0xb79	CODECOPY
0xb82	CODECOPY
0xb86	CODECOPY
0xb9a	CODECOPY
0xb9e	CODECOPY
0xba8	CODECOPY
0xbaa	CODECOPY
0xbda	CODECOPY
0xbec	CODECOPY
0xbfe	CODECOPY
0xc0c	CODECOPY
0xc0e	CODECOPY
0xc10	CODECOPY
0xc42	CODECOPY
0xc76	CODECOPY
0xc7e	CODECOPY
0xde0	CODECOPY
0xde8	CODECOPY
0xdf0	CODECOPY
0xe36	CODECOPY
0xe3a	CODECOPY
0xe40	CODECOPY
0xe75	CODECOPY
0xe82	CODECOPY
0xef6	CODECOPY
0xf00	CODECOPY
0xf14	CODECOPY
0xf1e	CODECOPY
0xf2e	CODECOPY
0xf30	CODECOPY
0xf34	CODECOPY
0xf3a	CODECOPY
0xf8c	CODECOPY
0xfa0	CODECOPY
0xfa8	CODECOPY
0xfd8	CODECOPY
0xfec	CODECOPY
0x1046	CODECOPY
0x1062	CODECOPY
0x1064	CODECOPY
0x1068	CODECOPY
0x106c	CODECOPY
0x1078	CODECOPY
0x107a	CODECOPY
0x107e	CODECOPY
0x1080	CODECOPY
0x1082	CODECOPY
0x1086	CODECOPY
0x1098	CODECOPY
0x10aa	CODECOPY
0x10ca	CODECOPY
0x10ce	CODECOPY
0x10d2	CODECOPY
0x10e6	CODECOPY
0x10ea	CODECOPY
0x1108	CODECOPY
0x1124	CODECOPY
0x112e	CODECOPY
0x116e	CODECOPY
0x1183	CODECOPY
