0x0	CALLDATASIZE	0x0
0x60	CALLDATASIZE	0x60
0x1f	CALLDATALOAD	0x1f
0x4	CALLDATASIZE	0x4
0x6	CALLVALUE	0x6
0x8	CALLDATALOAD	0x8
0x9	ORIGIN	0x9
0xa	CALLDATASIZE	0xa
0xd	CALLVALUE	0xd
0xe	CALLER	0xe
0xf	CALLDATASIZE	0xf
0x12	CALLDATASIZE	0x12
0x1e	CALLER	0x1e
0x5f	CALLVALUE	0x5f
0x61	CALLER	0x61
0x6b	CALLDATASIZE	0x6b
0x6e	CALLDATASIZE	0x6e
0x6f	CALLER	0x6f
0x71	CALLDATASIZE	0x71
0x7a	CALLDATASIZE	0x7a
0x7e	ORIGIN	0x7e
0x7f	ORIGIN	0x7f
0x80	CALLDATALOAD	0x80
0x84	CALLDATASIZE	0x84
0x85	CALLER	0x85
0x88	CALLDATALOAD	0x88
0x90	CALLDATASIZE	0x90
0x9a	CALLDATASIZE	0x9a
0x9b	CALLER	0x9b
0x9f	CALLDATASIZE	0x9f
0xa9	ORIGIN	0xa9
0xac	CALLDATALOAD	0xac
0xb0	CALLDATASIZE	0xb0
0xb1	CALLER	0xb1
0xb2	ORIGIN	0xb2
0xb3	CALLER	0xb3
0xbf	ORIGIN	0xbf
0xc0	CALLVALUE	0xc0
0xc1	ORIGIN	0xc1
0xc2	CALLDATALOAD	0xc2
0xc6	CALLDATASIZE	0xc6
0xc7	CALLER	0xc7
0xc8	CALLER	0xc8
0xca	CALLER	0xca
0xd1	CALLVALUE	0xd1
0xd2	CALLDATASIZE	0xd2
0xd5	ORIGIN	0xd5
0xdc	CALLDATASIZE	0xdc
0xdd	CALLER	0xdd
0xde	CALLER	0xde
0xe7	CALLVALUE	0xe7
0xe8	CALLDATASIZE	0xe8
0xeb	ORIGIN	0xeb
0xf4	CALLVALUE	0xf4
0xfd	CALLVALUE	0xfd
0xfe	CALLDATASIZE	0xfe
0x101	CALLER	0x101
0x114	CALLDATASIZE	0x114
0x117	CALLER	0x117
0x118	ORIGIN	0x118
0x119	CALLDATASIZE	0x119
0x11a	CALLDATALOAD	0x11a
0x11e	CALLDATASIZE	0x11e
0x11f	CALLER	0x11f
0x120	CALLDATASIZE	0x120
0x121	CALLDATASIZE	0x121
0x125	CALLVALUE	0x125
0x126	CALLDATASIZE	0x126
0x127	CALLER	0x127
0x129	CALLVALUE	0x129
0x12a	CALLDATASIZE	0x12a
0x12d	CALLER	0x12d
0x12e	CALLDATALOAD	0x12e
0x12f	CALLDATALOAD	0x12f
0x130	CALLDATALOAD	0x130
0x134	CALLDATASIZE	0x134
0x135	CALLER	0x135
0x13b	ORIGIN	0x13b
0x13c	CALLER	0x13c
0x13f	CALLVALUE	0x13f
0x140	CALLDATASIZE	0x140
0x143	CALLER	0x143
0x14a	CALLDATASIZE	0x14a
0x14b	CALLER	0x14b
0x14d	CALLDATALOAD	0x14d
0x14e	CALLDATASIZE	0x14e
0x155	CALLVALUE	0x155
0x156	CALLDATASIZE	0x156
0x159	CALLVALUE	0x159
0x15c	CALLDATALOAD	0x15c
0x160	CALLDATASIZE	0x160
0x161	CALLER	0x161
0x163	CALLVALUE	0x163
0x164	CALLDATALOAD	0x164
0x165	CALLDATASIZE	0x165
0x16b	CALLVALUE	0x16b
0x16c	CALLDATASIZE	0x16c
0x16f	CALLVALUE	0x16f
0x170	CALLDATALOAD	0x170
0x171	CALLVALUE	0x171
0x172	CALLDATALOAD	0x172
0x176	CALLDATASIZE	0x176
0x177	CALLER	0x177
0x185	CALLVALUE	0x185
0x186	CALLDATASIZE	0x186
0x18c	CALLDATASIZE	0x18c
0x18d	CALLER	0x18d
0x18f	CALLDATALOAD	0x18f
0x197	CALLVALUE	0x197
0x198	CALLDATASIZE	0x198
0x19b	CALLVALUE	0x19b
0x1a2	CALLDATASIZE	0x1a2
0x1a3	CALLER	0x1a3
0x1a7	CALLDATALOAD	0x1a7
0x1ae	CALLDATASIZE	0x1ae
0x1b1	CALLDATALOAD	0x1b1
0x1b2	CALLDATALOAD	0x1b2
0x1b3	ORIGIN	0x1b3
0x1b4	CALLDATALOAD	0x1b4
0x1b8	CALLDATASIZE	0x1b8
0x1b9	CALLER	0x1b9
0x1c0	ORIGIN	0x1c0
0x1c3	CALLVALUE	0x1c3
0x1c4	CALLDATASIZE	0x1c4
0x1c7	CALLDATALOAD	0x1c7
0x1ce	CALLDATASIZE	0x1ce
0x1cf	CALLER	0x1cf
0x1d6	ORIGIN	0x1d6
0x1d7	CALLER	0x1d7
0x1d9	CALLVALUE	0x1d9
0x1da	CALLDATASIZE	0x1da
0x1dd	CALLDATASIZE	0x1dd
0x1f5	CALLER	0x1f5
0x1f6	CALLDATALOAD	0x1f6
0x1fa	CALLDATASIZE	0x1fa
0x1fb	CALLER	0x1fb
0x202	CALLER	0x202
0x210	CALLDATASIZE	0x210
0x211	CALLER	0x211
0x21b	CALLVALUE	0x21b
0x21c	CALLDATASIZE	0x21c
0x220	CALLER	0x220
0x222	CALLDATALOAD	0x222
0x226	CALLDATASIZE	0x226
0x227	CALLER	0x227
0x231	CALLVALUE	0x231
0x232	CALLDATASIZE	0x232
0x24b	CALLDATALOAD	0x24b
0x24c	CALLDATASIZE	0x24c
0x250	ORIGIN	0x250
0x264	CALLER	0x264
0x266	CALLDATASIZE	0x266
0x270	CALLDATASIZE	0x270
0x272	CALLVALUE	0x272
0x274	CALLDATALOAD	0x274
0x27a	CALLDATASIZE	0x27a
0x27c	ORIGIN	0x27c
0x281	ORIGIN	0x281
0x285	CALLER	0x285
0x287	ORIGIN	0x287
0x288	CALLDATALOAD	0x288
0x289	ORIGIN	0x289
0x28b	CALLER	0x28b
0x290	CALLDATALOAD	0x290
0x294	CALLDATALOAD	0x294
0x295	ORIGIN	0x295
0x296	CALLDATASIZE	0x296
0x298	ORIGIN	0x298
0x29e	CALLDATALOAD	0x29e
0x2a2	CALLDATALOAD	0x2a2
0x2a6	CALLDATASIZE	0x2a6
0x2a8	ORIGIN	0x2a8
0x2b1	CALLER	0x2b1
0x2b3	CALLER	0x2b3
0x2b4	CALLDATASIZE	0x2b4
0x2b8	CALLDATALOAD	0x2b8
0x2c1	CALLDATALOAD	0x2c1
0x2c2	CALLDATASIZE	0x2c2
0x2c8	CALLDATALOAD	0x2c8
0x2cd	ORIGIN	0x2cd
0x2d0	CALLDATALOAD	0x2d0
0x2d5	CALLVALUE	0x2d5
0x2d8	CALLDATALOAD	0x2d8
0x2d9	ORIGIN	0x2d9
0x2da	CALLDATASIZE	0x2da
0x2dc	ORIGIN	0x2dc
0x2e4	CALLDATALOAD	0x2e4
0x2e6	CALLDATASIZE	0x2e6
0x2ea	CALLDATALOAD	0x2ea
0x2f0	CALLDATALOAD	0x2f0
0x2f2	CALLDATALOAD	0x2f2
0x2f4	CALLDATALOAD	0x2f4
0x2f6	CALLDATALOAD	0x2f6
0x2fa	CALLDATALOAD	0x2fa
0x304	CALLDATASIZE	0x304
0x319	ORIGIN	0x319
0x31b	CALLER	0x31b
0x31e	CALLDATALOAD	0x31e
0x320	CALLDATASIZE	0x320
0x325	CALLER	0x325
0x326	CALLDATASIZE	0x326
0x328	ORIGIN	0x328
0x32b	CALLER	0x32b
0x32c	CALLDATASIZE	0x32c
0x339	CALLDATASIZE	0x339
0x33c	CALLDATALOAD	0x33c
0x33d	ORIGIN	0x33d
0x33e	CALLDATASIZE	0x33e
0x340	ORIGIN	0x340
0x346	CALLDATALOAD	0x346
0x348	CALLDATALOAD	0x348
0x34d	ORIGIN	0x34d
0x34e	CALLDATALOAD	0x34e
0x350	CALLDATALOAD	0x350
0x352	CALLDATALOAD	0x352
0x354	CALLDATASIZE	0x354
0x356	CALLVALUE	0x356
0x358	CALLDATALOAD	0x358
0x35f	CALLER	0x35f
0x36b	CALLDATALOAD	0x36b
0x36c	CALLDATASIZE	0x36c
0x374	CALLDATASIZE	0x374
0x38c	CALLER	0x38c
0x38d	CALLDATASIZE	0x38d
0x38f	CALLER	0x38f
0x39a	CALLER	0x39a
0x39b	CALLDATALOAD	0x39b
0x39d	CALLER	0x39d
0x3c7	CALLDATASIZE	0x3c7
0x3ca	CALLDATASIZE	0x3ca
0x3cc	ORIGIN	0x3cc
0x3d3	ORIGIN	0x3d3
0x3da	CALLER	0x3da
0x3db	CALLDATALOAD	0x3db
0x3de	CALLDATASIZE	0x3de
0x3e0	ORIGIN	0x3e0
0x3e7	ORIGIN	0x3e7
0x3ec	CALLDATALOAD	0x3ec
0x3ee	CALLDATALOAD	0x3ee
0x3f0	CALLDATALOAD	0x3f0
0x3f2	CALLDATASIZE	0x3f2
0x3fa	CALLDATALOAD	0x3fa
0x400	CALLDATALOAD	0x400
0x405	ORIGIN	0x405
0x407	CALLDATALOAD	0x407
0x409	CALLDATALOAD	0x409
0x40b	CALLDATALOAD	0x40b
0x40d	CALLDATALOAD	0x40d
0x410	CALLDATALOAD	0x410
0x411	ORIGIN	0x411
0x412	CALLDATASIZE	0x412
0x414	ORIGIN	0x414
0x41a	CALLDATALOAD	0x41a
0x41c	CALLDATALOAD	0x41c
0x41e	CALLDATASIZE	0x41e
0x420	CALLVALUE	0x420
0x422	CALLDATALOAD	0x422
0x429	CALLER	0x429
0x435	CALLDATALOAD	0x435
0x436	CALLDATASIZE	0x436
0x439	ORIGIN	0x439
0x43a	ORIGIN	0x43a
0x43b	CALLER	0x43b
0x43c	CALLDATALOAD	0x43c
0x43e	CALLDATASIZE	0x43e
0x44d	ORIGIN	0x44d
0x44e	ORIGIN	0x44e
0x45c	CALLVALUE	0x45c
0x45e	CALLDATALOAD	0x45e
0x463	ORIGIN	0x463
0x466	CALLDATALOAD	0x466
0x467	ORIGIN	0x467
0x468	CALLDATASIZE	0x468
0x46a	ORIGIN	0x46a
0x470	CALLDATALOAD	0x470
0x472	CALLDATALOAD	0x472
0x474	CALLDATASIZE	0x474
0x476	CALLVALUE	0x476
0x478	CALLDATALOAD	0x478
0x47f	CALLER	0x47f
0x48b	CALLDATALOAD	0x48b
0x48c	CALLDATASIZE	0x48c
0x48f	ORIGIN	0x48f
0x490	CALLVALUE	0x490
0x4a3	ORIGIN	0x4a3
0x4a9	CALLVALUE	0x4a9
0x4ac	CALLER	0x4ac
0x4ad	CALLDATASIZE	0x4ad
0x4af	CALLER	0x4af
0x4ba	CALLER	0x4ba
0x4bb	CALLDATALOAD	0x4bb
0x4bd	CALLER	0x4bd
0x4e7	CALLDATASIZE	0x4e7
0x4ea	CALLDATASIZE	0x4ea
0x4ec	ORIGIN	0x4ec
0x4f3	ORIGIN	0x4f3
0x4fa	CALLER	0x4fa
0x4fb	CALLDATALOAD	0x4fb
0x4fd	CALLER	0x4fd
0x527	CALLDATASIZE	0x527
0x52a	CALLDATASIZE	0x52a
0x52c	ORIGIN	0x52c
0x533	ORIGIN	0x533
0x53a	CALLER	0x53a
0x53b	CALLDATALOAD	0x53b
0x53e	CALLDATASIZE	0x53e
0x540	ORIGIN	0x540
0x547	ORIGIN	0x547
0x54c	CALLDATALOAD	0x54c
0x54e	CALLDATALOAD	0x54e
0x550	CALLDATALOAD	0x550
0x552	CALLDATASIZE	0x552
0x55e	CALLVALUE	0x55e
0x560	CALLDATALOAD	0x560
0x565	ORIGIN	0x565
0x567	CALLDATALOAD	0x567
0x569	CALLDATALOAD	0x569
0x56b	CALLDATALOAD	0x56b
0x56d	CALLDATALOAD	0x56d
0x570	CALLDATALOAD	0x570
0x571	ORIGIN	0x571
0x572	CALLDATASIZE	0x572
0x574	ORIGIN	0x574
0x57a	CALLDATALOAD	0x57a
0x57c	CALLDATALOAD	0x57c
0x57e	CALLDATASIZE	0x57e
0x580	CALLVALUE	0x580
0x582	CALLDATALOAD	0x582
0x589	CALLER	0x589
0x595	CALLDATALOAD	0x595
0x596	CALLDATASIZE	0x596
0x599	ORIGIN	0x599
0x5ad	ORIGIN	0x5ad
0x5b5	CALLER	0x5b5
0x5b6	CALLDATALOAD	0x5b6
0x5b7	CALLDATASIZE	0x5b7
0x5b8	CALLDATALOAD	0x5b8
0x5be	CALLDATALOAD	0x5be
0x5c3	ORIGIN	0x5c3
0x5c4	CALLDATASIZE	0x5c4
0x5cf	CALLDATASIZE	0x5cf
0x5d2	CALLDATALOAD	0x5d2
0x5d3	ORIGIN	0x5d3
0x5d4	CALLDATASIZE	0x5d4
0x5d6	ORIGIN	0x5d6
0x5dc	CALLDATALOAD	0x5dc
0x5de	CALLDATALOAD	0x5de
0x5e0	CALLDATASIZE	0x5e0
0x5e2	CALLVALUE	0x5e2
0x5e4	CALLDATALOAD	0x5e4
0x5eb	CALLER	0x5eb
0x5f7	CALLDATALOAD	0x5f7
0x5f8	CALLDATASIZE	0x5f8
0x5fb	CALLER	0x5fb
0x5fd	CALLVALUE	0x5fd
0x5fe	CALLDATALOAD	0x5fe
0x600	CALLDATASIZE	0x600
0x60f	CALLER	0x60f
0x618	CALLDATALOAD	0x618
0x619	CALLDATASIZE	0x619
0x61a	CALLDATALOAD	0x61a
0x625	CALLDATALOAD	0x625
0x626	CALLDATASIZE	0x626
0x629	CALLER	0x629
0x63d	CALLER	0x63d
0x63e	ORIGIN	0x63e
0x63f	CALLVALUE	0x63f
0x640	CALLDATASIZE	0x640
0x646	CALLDATALOAD	0x646
0x647	CALLDATASIZE	0x647
0x648	CALLDATALOAD	0x648
0x653	CALLDATALOAD	0x653
0x654	CALLDATASIZE	0x654
0x657	CALLER	0x657
0x658	CALLER	0x658
0x659	ORIGIN	0x659
0x65a	CALLDATALOAD	0x65a
0x65c	CALLDATASIZE	0x65c
0x66b	CALLER	0x66b
0x66c	CALLER	0x66c
0x676	CALLDATALOAD	0x676
0x67c	CALLDATALOAD	0x67c
0x681	ORIGIN	0x681
0x683	CALLDATALOAD	0x683
0x685	CALLDATALOAD	0x685
0x687	CALLDATALOAD	0x687
0x689	CALLDATALOAD	0x689
0x68c	CALLDATALOAD	0x68c
0x68d	ORIGIN	0x68d
0x68e	CALLDATASIZE	0x68e
0x690	ORIGIN	0x690
0x696	CALLDATALOAD	0x696
0x698	CALLDATALOAD	0x698
0x69a	CALLDATASIZE	0x69a
0x69c	CALLVALUE	0x69c
0x69e	CALLDATALOAD	0x69e
0x6a5	CALLER	0x6a5
0x6b1	CALLDATALOAD	0x6b1
0x6b2	CALLDATASIZE	0x6b2
0x6b5	CALLER	0x6b5
0x6b6	CALLDATASIZE	0x6b6
0x6b8	CALLDATALOAD	0x6b8
0x6ba	CALLDATASIZE	0x6ba
0x6c9	CALLER	0x6c9
0x6cf	CALLVALUE	0x6cf
0x6d2	CALLER	0x6d2
0x6d3	CALLDATASIZE	0x6d3
0x6d5	CALLER	0x6d5
0x6e0	CALLER	0x6e0
0x6e1	CALLDATALOAD	0x6e1
0x6e3	CALLER	0x6e3
0x70d	CALLDATASIZE	0x70d
0x710	CALLDATASIZE	0x710
0x712	ORIGIN	0x712
0x719	ORIGIN	0x719
0x720	CALLER	0x720
0x721	CALLDATALOAD	0x721
0x724	CALLDATASIZE	0x724
0x726	ORIGIN	0x726
0x72d	ORIGIN	0x72d
0x732	CALLDATALOAD	0x732
0x734	CALLDATALOAD	0x734
0x736	CALLDATALOAD	0x736
0x738	CALLDATASIZE	0x738
0x740	CALLDATALOAD	0x740
0x746	CALLDATALOAD	0x746
0x74b	ORIGIN	0x74b
0x74d	CALLDATALOAD	0x74d
0x74f	CALLDATALOAD	0x74f
0x751	CALLDATALOAD	0x751
0x753	CALLDATALOAD	0x753
0x756	CALLDATALOAD	0x756
0x757	ORIGIN	0x757
0x758	CALLDATASIZE	0x758
0x75a	ORIGIN	0x75a
0x760	CALLDATALOAD	0x760
0x762	CALLDATALOAD	0x762
0x764	CALLDATASIZE	0x764
0x766	CALLVALUE	0x766
0x768	CALLDATALOAD	0x768
0x76f	CALLER	0x76f
0x77b	CALLDATALOAD	0x77b
0x77c	CALLDATASIZE	0x77c
0x77f	CALLER	0x77f
0x793	CALLER	0x793
0x79c	CALLER	0x79c
0x79d	CALLDATASIZE	0x79d
0x79f	CALLER	0x79f
0x7aa	CALLER	0x7aa
0x7ab	CALLDATALOAD	0x7ab
0x7ad	CALLER	0x7ad
0x7d7	CALLDATASIZE	0x7d7
0x7da	CALLDATASIZE	0x7da
0x7dc	ORIGIN	0x7dc
0x7e3	ORIGIN	0x7e3
0x7e8	CALLDATALOAD	0x7e8
0x7ea	CALLDATALOAD	0x7ea
0x7ec	CALLDATALOAD	0x7ec
0x7ee	CALLDATASIZE	0x7ee
0x7fc	CALLDATALOAD	0x7fc
0x801	ORIGIN	0x801
0x804	CALLDATALOAD	0x804
0x805	ORIGIN	0x805
0x806	CALLDATASIZE	0x806
0x808	ORIGIN	0x808
0x80e	CALLDATALOAD	0x80e
0x810	CALLDATALOAD	0x810
0x812	CALLDATASIZE	0x812
0x814	CALLVALUE	0x814
0x816	CALLDATALOAD	0x816
0x81d	CALLER	0x81d
0x829	CALLDATALOAD	0x829
0x82a	CALLDATASIZE	0x82a
0x82d	CALLVALUE	0x82d
0x841	CALLVALUE	0x841
0x842	CALLDATALOAD	0x842
0x843	ORIGIN	0x843
0x844	CALLDATASIZE	0x844
0x847	CALLVALUE	0x847
0x84a	CALLER	0x84a
0x84b	CALLDATASIZE	0x84b
0x84d	CALLER	0x84d
0x858	CALLER	0x858
0x859	CALLDATALOAD	0x859
0x85b	CALLER	0x85b
0x885	CALLDATASIZE	0x885
0x888	CALLDATASIZE	0x888
0x88a	ORIGIN	0x88a
0x891	ORIGIN	0x891
0x896	CALLDATALOAD	0x896
0x898	CALLDATALOAD	0x898
0x89a	CALLDATALOAD	0x89a
0x89c	CALLDATASIZE	0x89c
0x8af	CALLDATALOAD	0x8af
0x8b0	CALLDATASIZE	0x8b0
0x8b3	CALLVALUE	0x8b3
0x8b4	CALLDATASIZE	0x8b4
0x8b6	CALLDATALOAD	0x8b6
0x8b8	CALLDATASIZE	0x8b8
0x8c7	CALLVALUE	0x8c7
0x8c8	CALLDATASIZE	0x8c8
0x8ca	CALLDATASIZE	0x8ca
0x8d6	CALLDATALOAD	0x8d6
0x8dd	CALLDATALOAD	0x8dd
0x8de	CALLDATASIZE	0x8de
0x8e1	CALLVALUE	0x8e1
0x8e4	CALLDATALOAD	0x8e4
0x8e6	CALLDATASIZE	0x8e6
0x8f5	CALLVALUE	0x8f5
0x8f8	CALLDATASIZE	0x8f8
0x904	CALLVALUE	0x904
0x906	CALLDATALOAD	0x906
0x90b	ORIGIN	0x90b
0x90d	CALLER	0x90d
0x937	CALLDATASIZE	0x937
0x939	CALLER	0x939
0x963	CALLDATASIZE	0x963
0x966	CALLDATALOAD	0x966
0x967	ORIGIN	0x967
0x968	CALLDATASIZE	0x968
0x96a	ORIGIN	0x96a
0x970	CALLDATALOAD	0x970
0x972	CALLDATALOAD	0x972
0x974	CALLDATASIZE	0x974
0x976	CALLVALUE	0x976
0x978	CALLDATALOAD	0x978
0x97f	CALLER	0x97f
0x98b	CALLDATALOAD	0x98b
0x98c	CALLDATASIZE	0x98c
0x98f	CALLVALUE	0x98f
0x9a3	CALLVALUE	0x9a3
0x9aa	CALLER	0x9aa
0x9b4	CALLDATALOAD	0x9b4
0x9ba	CALLDATASIZE	0x9ba
0x9bc	ORIGIN	0x9bc
0x9c1	ORIGIN	0x9c1
0x9c5	CALLER	0x9c5
0x9c7	ORIGIN	0x9c7
0x9c8	CALLDATALOAD	0x9c8
0x9c9	ORIGIN	0x9c9
0x9cb	CALLER	0x9cb
0x9d0	CALLDATALOAD	0x9d0
0x9d4	CALLDATALOAD	0x9d4
0x9d5	ORIGIN	0x9d5
0x9d6	CALLDATASIZE	0x9d6
0x9d8	ORIGIN	0x9d8
0x9de	CALLDATALOAD	0x9de
0x9e2	CALLDATALOAD	0x9e2
0x9e6	CALLDATASIZE	0x9e6
0x9e8	ORIGIN	0x9e8
0x9f1	CALLER	0x9f1
0x9f3	CALLER	0x9f3
0x9f4	CALLDATASIZE	0x9f4
0x9f8	CALLDATALOAD	0x9f8
0xa01	CALLDATALOAD	0xa01
0xa02	CALLDATASIZE	0xa02
0xa05	CALLDATALOAD	0xa05
0xa08	CALLDATALOAD	0xa08
0xa0d	ORIGIN	0xa0d
0xa10	CALLDATALOAD	0xa10
0xa15	CALLVALUE	0xa15
0xa18	CALLDATALOAD	0xa18
0xa19	ORIGIN	0xa19
0xa1a	CALLDATASIZE	0xa1a
0xa1c	ORIGIN	0xa1c
0xa24	CALLDATALOAD	0xa24
0xa26	CALLDATASIZE	0xa26
0xa29	CALLVALUE	0xa29
0xa32	CALLDATALOAD	0xa32
0xa34	CALLDATALOAD	0xa34
0xa36	CALLDATALOAD	0xa36
0xa3a	CALLDATALOAD	0xa3a
0xa44	CALLDATASIZE	0xa44
0xa51	CALLDATALOAD	0xa51
0xa52	CALLVALUE	0xa52
0xa53	CALLVALUE	0xa53
0xa54	CALLDATALOAD	0xa54
0xa59	ORIGIN	0xa59
0xa5b	CALLER	0xa5b
0xa5e	CALLDATALOAD	0xa5e
0xa60	CALLDATASIZE	0xa60
0xa65	CALLER	0xa65
0xa66	CALLDATASIZE	0xa66
0xa68	ORIGIN	0xa68
0xa6b	CALLER	0xa6b
0xa6c	CALLDATASIZE	0xa6c
0xa79	CALLDATASIZE	0xa79
0xa7c	CALLDATALOAD	0xa7c
0xa7d	ORIGIN	0xa7d
0xa7e	CALLDATASIZE	0xa7e
0xa80	ORIGIN	0xa80
0xa86	CALLDATALOAD	0xa86
0xa88	CALLDATALOAD	0xa88
0xa8d	ORIGIN	0xa8d
0xa8e	CALLDATALOAD	0xa8e
0xa90	CALLDATALOAD	0xa90
0xa92	CALLDATALOAD	0xa92
0xa94	CALLDATASIZE	0xa94
0xa96	CALLVALUE	0xa96
0xa98	CALLDATALOAD	0xa98
0xa9f	CALLER	0xa9f
0xaab	CALLDATALOAD	0xaab
0xaac	CALLDATASIZE	0xaac
0xaaf	CALLDATALOAD	0xaaf
0xab0	CALLDATALOAD	0xab0
0xac3	CALLDATALOAD	0xac3
0xacc	CALLER	0xacc
0xacd	CALLDATASIZE	0xacd
0xacf	CALLER	0xacf
0xada	CALLER	0xada
0xadb	CALLDATALOAD	0xadb
0xadd	CALLER	0xadd
0xb07	CALLDATASIZE	0xb07
0xb0a	CALLDATASIZE	0xb0a
0xb0c	ORIGIN	0xb0c
0xb13	ORIGIN	0xb13
0xb1a	CALLER	0xb1a
0xb1b	CALLDATALOAD	0xb1b
0xb1e	CALLDATASIZE	0xb1e
0xb20	ORIGIN	0xb20
0xb27	ORIGIN	0xb27
0xb2c	CALLDATALOAD	0xb2c
0xb2e	CALLDATALOAD	0xb2e
0xb30	CALLDATALOAD	0xb30
0xb32	CALLDATASIZE	0xb32
0xb3e	CALLVALUE	0xb3e
0xb40	CALLDATALOAD	0xb40
0xb45	ORIGIN	0xb45
0xb47	CALLDATALOAD	0xb47
0xb49	CALLDATALOAD	0xb49
0xb4b	CALLDATALOAD	0xb4b
0xb4d	CALLDATALOAD	0xb4d
0xb50	CALLDATALOAD	0xb50
0xb51	ORIGIN	0xb51
0xb52	CALLDATASIZE	0xb52
0xb54	ORIGIN	0xb54
0xb5a	CALLDATALOAD	0xb5a
0xb5c	CALLDATALOAD	0xb5c
0xb5e	CALLDATASIZE	0xb5e
0xb60	CALLVALUE	0xb60
0xb62	CALLDATALOAD	0xb62
0xb69	CALLER	0xb69
0xb75	CALLDATALOAD	0xb75
0xb76	CALLDATASIZE	0xb76
0xb79	CALLDATALOAD	0xb79
0xb8d	CALLDATALOAD	0xb8d
0xb96	CALLDATALOAD	0xb96
0xb97	CALLDATASIZE	0xb97
0xb98	CALLDATALOAD	0xb98
0xb9e	CALLDATALOAD	0xb9e
0xba3	ORIGIN	0xba3
0xba5	CALLER	0xba5
0xbcf	CALLDATASIZE	0xbcf
0xbd1	CALLER	0xbd1
0xbfb	CALLDATASIZE	0xbfb
0xbfe	CALLDATALOAD	0xbfe
0xbff	ORIGIN	0xbff
0xc00	CALLDATASIZE	0xc00
0xc02	ORIGIN	0xc02
0xc08	CALLDATALOAD	0xc08
0xc0a	CALLDATALOAD	0xc0a
0xc0c	CALLDATASIZE	0xc0c
0xc0e	CALLVALUE	0xc0e
0xc10	CALLDATALOAD	0xc10
0xc17	CALLER	0xc17
0xc23	CALLDATALOAD	0xc23
0xc24	CALLDATASIZE	0xc24
0xc27	CALLDATASIZE	0xc27
0xc2c	CALLDATASIZE	0xc2c
0xc3b	CALLDATASIZE	0xc3b
0xc3c	CALLDATALOAD	0xc3c
0xc3e	CALLDATASIZE	0xc3e
0xc41	CALLVALUE	0xc41
0xc44	CALLER	0xc44
0xc45	CALLDATASIZE	0xc45
0xc47	CALLER	0xc47
0xc52	CALLER	0xc52
0xc53	CALLDATALOAD	0xc53
0xc55	CALLER	0xc55
0xc7f	CALLDATASIZE	0xc7f
0xc82	CALLDATASIZE	0xc82
0xc84	ORIGIN	0xc84
0xc8b	ORIGIN	0xc8b
0xc92	CALLER	0xc92
0xc93	CALLDATALOAD	0xc93
0xc96	CALLDATASIZE	0xc96
0xc98	ORIGIN	0xc98
0xc9f	ORIGIN	0xc9f
0xca4	CALLDATALOAD	0xca4
0xca6	CALLDATALOAD	0xca6
0xca8	CALLDATALOAD	0xca8
0xcaa	CALLDATASIZE	0xcaa
0xcb2	CALLDATALOAD	0xcb2
0xcb8	CALLDATALOAD	0xcb8
0xcbd	ORIGIN	0xcbd
0xcbf	CALLDATALOAD	0xcbf
0xcc1	CALLDATALOAD	0xcc1
0xcc3	CALLDATALOAD	0xcc3
0xcc5	CALLDATALOAD	0xcc5
0xcc8	CALLDATALOAD	0xcc8
0xcc9	ORIGIN	0xcc9
0xcca	CALLDATASIZE	0xcca
0xccc	ORIGIN	0xccc
0xcd2	CALLDATALOAD	0xcd2
0xcd4	CALLDATALOAD	0xcd4
0xcd6	CALLDATASIZE	0xcd6
0xcd8	CALLVALUE	0xcd8
0xcda	CALLDATALOAD	0xcda
0xce1	CALLER	0xce1
0xced	CALLDATALOAD	0xced
0xcee	CALLDATASIZE	0xcee
0xcf1	CALLDATASIZE	0xcf1
0xd05	CALLDATASIZE	0xd05
0xd0b	CALLVALUE	0xd0b
0xd0e	CALLER	0xd0e
0xd0f	CALLDATASIZE	0xd0f
0xd11	CALLER	0xd11
0xd1c	CALLER	0xd1c
0xd1d	CALLDATALOAD	0xd1d
0xd1f	CALLER	0xd1f
0xd49	CALLDATASIZE	0xd49
0xd4c	CALLDATASIZE	0xd4c
0xd4e	ORIGIN	0xd4e
0xd55	ORIGIN	0xd55
0xd5c	CALLER	0xd5c
0xd5d	CALLDATALOAD	0xd5d
0xd60	CALLDATASIZE	0xd60
0xd62	ORIGIN	0xd62
0xd69	ORIGIN	0xd69
0xd6e	CALLDATALOAD	0xd6e
0xd70	CALLDATALOAD	0xd70
0xd72	CALLDATALOAD	0xd72
0xd74	CALLDATASIZE	0xd74
0xd7a	CALLDATALOAD	0xd7a
0xd7b	CALLDATASIZE	0xd7b
0xd7c	CALLDATALOAD	0xd7c
0xd87	CALLDATALOAD	0xd87
0xd88	CALLDATASIZE	0xd88
0xd8b	CALLDATASIZE	0xd8b
0xda0	ORIGIN	0xda0
0xda2	CALLDATASIZE	0xda2
0xda5	CALLVALUE	0xda5
0xda8	CALLER	0xda8
0xda9	CALLDATASIZE	0xda9
0xdab	CALLER	0xdab
0xdb6	CALLER	0xdb6
0xdb7	CALLDATALOAD	0xdb7
0xdb9	CALLER	0xdb9
0xde3	CALLDATASIZE	0xde3
0xde6	CALLDATASIZE	0xde6
0xde8	ORIGIN	0xde8
0xdef	ORIGIN	0xdef
0xdf6	CALLER	0xdf6
0xdf7	CALLDATALOAD	0xdf7
0xdf9	CALLER	0xdf9
0xe23	CALLDATASIZE	0xe23
0xe26	CALLDATASIZE	0xe26
0xe28	ORIGIN	0xe28
0xe2f	ORIGIN	0xe2f
0xe34	CALLDATALOAD	0xe34
0xe36	CALLDATALOAD	0xe36
0xe38	CALLDATALOAD	0xe38
0xe3a	CALLDATASIZE	0xe3a
0xe3d	ORIGIN	0xe3d
0xe46	CALLVALUE	0xe46
0xe48	CALLDATALOAD	0xe48
0xe4d	ORIGIN	0xe4d
0xe50	CALLDATALOAD	0xe50
0xe51	ORIGIN	0xe51
0xe52	CALLDATASIZE	0xe52
0xe54	ORIGIN	0xe54
0xe5a	CALLDATALOAD	0xe5a
0xe5c	CALLDATALOAD	0xe5c
0xe5e	CALLDATASIZE	0xe5e
0xe60	CALLVALUE	0xe60
0xe62	CALLDATALOAD	0xe62
0xe69	CALLER	0xe69
0xe75	CALLDATALOAD	0xe75
0xe76	CALLDATASIZE	0xe76
0xe7a	CALLVALUE	0xe7a
0xe7b	CALLER	0xe7b
0xe7c	CALLDATALOAD	0xe7c
0xe7e	CALLDATASIZE	0xe7e
0xe8e	CALLVALUE	0xe8e
0xe9e	CALLDATALOAD	0xe9e
0xea3	ORIGIN	0xea3
0xea5	CALLER	0xea5
0xecf	CALLDATASIZE	0xecf
0xed1	CALLER	0xed1
0xefb	CALLDATASIZE	0xefb
0xefe	CALLDATALOAD	0xefe
0xeff	ORIGIN	0xeff
0xf00	CALLDATASIZE	0xf00
0xf02	ORIGIN	0xf02
0xf08	CALLDATALOAD	0xf08
0xf0a	CALLDATALOAD	0xf0a
0xf0c	CALLDATASIZE	0xf0c
0xf0e	CALLVALUE	0xf0e
0xf10	CALLDATALOAD	0xf10
0xf17	CALLER	0xf17
0xf23	CALLDATALOAD	0xf23
0xf24	CALLDATASIZE	0xf24
0xf2c	CALLDATASIZE	0xf2c
0xf41	CALLVALUE	0xf41
0xf44	CALLER	0xf44
0xf45	CALLDATASIZE	0xf45
0xf47	CALLER	0xf47
0xf52	CALLER	0xf52
0xf53	CALLDATALOAD	0xf53
0xf55	CALLER	0xf55
0xf7f	CALLDATASIZE	0xf7f
0xf82	CALLDATASIZE	0xf82
0xf84	ORIGIN	0xf84
0xf8b	ORIGIN	0xf8b
0xf90	CALLDATALOAD	0xf90
0xf92	CALLDATALOAD	0xf92
0xf94	CALLDATALOAD	0xf94
0xf96	CALLDATASIZE	0xf96
0xf99	CALLER	0xf99
0xf9d	CALLDATASIZE	0xf9d
0xf9e	CALLDATALOAD	0xf9e
0xfaa	CALLDATALOAD	0xfaa
0xfb2	CALLDATASIZE	0xfb2
0xfb4	CALLVALUE	0xfb4
0xfb6	CALLDATALOAD	0xfb6
0xfb7	ORIGIN	0xfb7
0xfba	CALLDATASIZE	0xfba
0xfd8	CALLDATASIZE	0xfd8
0xfdf	CALLVALUE	0xfdf
0xfe0	CALLDATASIZE	0xfe0
0x100c	CALLDATALOAD	0x100c
0x100d	ORIGIN	0x100d
0x100e	CALLDATALOAD	0x100e
0x1012	CALLDATALOAD	0x1012
0x1013	CALLDATASIZE	0x1013
0x1014	CALLDATALOAD	0x1014
0x101a	CALLDATASIZE	0x101a
0x101d	CALLER	0x101d
0x101e	CALLDATASIZE	0x101e
0x1021	CALLVALUE	0x1021
0x1024	CALLDATALOAD	0x1024
0x1025	CALLVALUE	0x1025
0x1028	CALLDATASIZE	0x1028
0x1033	CALLVALUE	0x1033
0x1034	CALLDATASIZE	0x1034
0x103e	CALLDATASIZE	0x103e
0x1043	CALLDATALOAD	0x1043
0x1044	CALLDATALOAD	0x1044
0x1046	CALLDATALOAD	0x1046
0x1048	CALLDATASIZE	0x1048
0x104b	CALLER	0x104b
0x104c	CALLDATASIZE	0x104c
0x1052	CALLDATALOAD	0x1052
0x1053	CALLVALUE	0x1053
0x1056	CALLDATASIZE	0x1056
0x1061	CALLVALUE	0x1061
0x1063	CALLER	0x1063
0x108d	CALLDATASIZE	0x108d
0x108f	CALLER	0x108f
0x10b9	CALLDATASIZE	0x10b9
0x10ba	CALLER	0x10ba
0x10bb	CALLER	0x10bb
0x10bd	CALLER	0x10bd
0x10e7	CALLDATASIZE	0x10e7
0x10e9	CALLVALUE	0x10e9
0x10ea	CALLDATALOAD	0x10ea
0x10f8	CALLDATASIZE	0x10f8
0x10fb	CALLDATALOAD	0x10fb
0x10fc	CALLDATASIZE	0x10fc
0x1102	CALLDATALOAD	0x1102
0x1103	CALLVALUE	0x1103
0x1106	CALLDATASIZE	0x1106
0x1111	CALLVALUE	0x1111
0x1113	CALLER	0x1113
0x113d	CALLDATASIZE	0x113d
0x113f	CALLER	0x113f
0x1169	CALLDATASIZE	0x1169
0x116a	CALLER	0x116a
0x116b	CALLER	0x116b
0x116d	CALLER	0x116d
0x1197	CALLDATASIZE	0x1197
0x1199	CALLVALUE	0x1199
0x119a	CALLDATALOAD	0x119a
0x119f	CALLDATALOAD	0x119f
0x11a0	CALLDATASIZE	0x11a0
0x11bf	CALLVALUE	0x11bf
0x11c0	CALLVALUE	0x11c0
0x11c1	CALLDATALOAD	0x11c1
0x11c2	CALLDATALOAD	0x11c2
0x11c3	CALLDATASIZE	0x11c3
0x11c4	CALLDATALOAD	0x11c4
0x11cb	ORIGIN	0x11cb
0x11ce	CALLDATALOAD	0x11ce
0x11d0	CALLDATALOAD	0x11d0
0x11d2	CALLDATALOAD	0x11d2
0x11d3	CALLDATASIZE	0x11d3
0x11d4	CALLDATALOAD	0x11d4
0x11da	CALLDATASIZE	0x11da
0x11de	CALLDATALOAD	0x11de
0x11df	CALLVALUE	0x11df
0x11e2	CALLDATALOAD	0x11e2
0x11e6	CALLDATALOAD	0x11e6
0x11e7	CALLDATASIZE	0x11e7
0x11e8	CALLDATALOAD	0x11e8
0x11ef	ORIGIN	0x11ef
0x11f0	CALLER	0x11f0
0x11f3	CALLER	0x11f3
0x121d	CALLDATASIZE	0x121d
0x1221	CALLER	0x1221
0x124b	CALLDATASIZE	0x124b
0x124d	CALLVALUE	0x124d
0x124f	CALLDATALOAD	0x124f
0x1251	CALLDATALOAD	0x1251
0x1253	CALLDATALOAD	0x1253
0x1254	CALLDATASIZE	0x1254
0x1258	CALLER	0x1258
0x1259	ORIGIN	0x1259
0x125a	CALLDATALOAD	0x125a
0x125c	CALLDATASIZE	0x125c
0x126a	CALLDATASIZE	0x126a
0x126d	CALLVALUE	0x126d
0x1270	CALLDATALOAD	0x1270
0x1271	CALLVALUE	0x1271
0x1274	CALLDATASIZE	0x1274
0x127f	CALLVALUE	0x127f
0x1280	CALLDATASIZE	0x1280
0x128a	CALLDATASIZE	0x128a
0x1294	CALLDATASIZE	0x1294
0x1297	CALLER	0x1297
0x1298	CALLDATASIZE	0x1298
0x129e	CALLDATALOAD	0x129e
0x129f	CALLVALUE	0x129f
0x12a2	CALLDATASIZE	0x12a2
0x12ad	CALLVALUE	0x12ad
0x12af	CALLER	0x12af
0x12d9	CALLDATASIZE	0x12d9
0x12db	CALLER	0x12db
0x1305	CALLDATASIZE	0x1305
0x1306	CALLER	0x1306
0x1307	CALLER	0x1307
0x1309	CALLER	0x1309
0x1333	CALLDATASIZE	0x1333
0x1335	CALLVALUE	0x1335
0x1336	CALLDATALOAD	0x1336
0x1347	CALLDATALOAD	0x1347
0x1348	CALLDATASIZE	0x1348
0x134e	CALLDATALOAD	0x134e
0x134f	CALLVALUE	0x134f
0x1352	CALLDATASIZE	0x1352
0x135d	CALLVALUE	0x135d
0x135f	CALLER	0x135f
0x1389	CALLDATASIZE	0x1389
0x138b	CALLER	0x138b
0x13b5	CALLDATASIZE	0x13b5
0x13b6	CALLER	0x13b6
0x13b7	CALLER	0x13b7
0x13b9	CALLER	0x13b9
0x13e3	CALLDATASIZE	0x13e3
0x13e5	CALLVALUE	0x13e5
0x13e6	CALLDATALOAD	0x13e6
0x13eb	CALLDATALOAD	0x13eb
0x13ec	CALLDATASIZE	0x13ec
0x1405	CALLDATALOAD	0x1405
0x1407	CALLDATALOAD	0x1407
0x1409	CALLDATALOAD	0x1409
0x140a	CALLDATASIZE	0x140a
0x140d	CALLDATALOAD	0x140d
0x140e	CALLER	0x140e
0x1410	CALLDATALOAD	0x1410
0x1411	CALLDATASIZE	0x1411
0x1412	CALLDATALOAD	0x1412
0x1418	CALLDATALOAD	0x1418
0x141b	CALLER	0x141b
0x141d	ORIGIN	0x141d
0x141e	CALLDATALOAD	0x141e
0x1420	CALLDATALOAD	0x1420
0x1422	CALLDATALOAD	0x1422
0x1424	CALLDATALOAD	0x1424
0x1425	CALLDATASIZE	0x1425
0x1426	CALLDATALOAD	0x1426
0x142b	ORIGIN	0x142b
0x142e	CALLDATALOAD	0x142e
0x142f	CALLDATASIZE	0x142f
0x1430	CALLDATALOAD	0x1430
0x1435	CALLER	0x1435
0x1436	CALLDATASIZE	0x1436
0x143c	CALLDATALOAD	0x143c
0x143d	CALLVALUE	0x143d
0x1440	CALLDATASIZE	0x1440
0x144b	CALLVALUE	0x144b
0x144d	CALLER	0x144d
0x1477	CALLDATASIZE	0x1477
0x1479	CALLER	0x1479
0x14a3	CALLDATASIZE	0x14a3
0x14a4	CALLER	0x14a4
0x14a5	CALLER	0x14a5
0x14a7	CALLER	0x14a7
0x14d1	CALLDATASIZE	0x14d1
0x14d3	CALLVALUE	0x14d3
0x14d5	CALLDATALOAD	0x14d5
0x14d7	CALLDATALOAD	0x14d7
0x14d8	CALLDATASIZE	0x14d8
0x14de	CALLDATALOAD	0x14de
0x14e0	CALLDATASIZE	0x14e0
0x14ee	CALLDATASIZE	0x14ee
0x14f1	CALLVALUE	0x14f1
0x14f4	CALLDATALOAD	0x14f4
0x14f5	CALLVALUE	0x14f5
0x14f8	CALLDATASIZE	0x14f8
0x1503	CALLVALUE	0x1503
0x1504	CALLDATASIZE	0x1504
0x150e	CALLDATASIZE	0x150e
0x1514	CALLDATALOAD	0x1514
0x1516	CALLDATASIZE	0x1516
0x1524	CALLDATASIZE	0x1524
0x1527	CALLER	0x1527
0x1528	CALLDATASIZE	0x1528
0x152b	CALLVALUE	0x152b
0x152c	CALLDATASIZE	0x152c
0x1536	CALLDATALOAD	0x1536
0x1537	CALLVALUE	0x1537
0x153a	CALLDATASIZE	0x153a
0x1547	CALLER	0x1547
0x1549	CALLDATALOAD	0x1549
0x154b	CALLDATALOAD	0x154b
0x154d	ORIGIN	0x154d
0x1552	CALLDATALOAD	0x1552
0x1553	CALLDATALOAD	0x1553
0x1554	CALLDATALOAD	0x1554
0x1567	CALLER	0x1567
0x156e	ORIGIN	0x156e
0x157b	ORIGIN	0x157b
0x158f	CALLDATALOAD	0x158f
0x1596	CALLER	0x1596
0x1597	CALLER	0x1597
0x1598	CALLDATASIZE	0x1598
0x159a	CALLVALUE	0x159a
0x159c	CALLDATALOAD	0x159c
0x159e	CALLDATASIZE	0x159e
0x15a0	CALLVALUE	0x15a0
0x15a2	CALLDATALOAD	0x15a2
0x15a9	CALLER	0x15a9
0x15af	CALLDATASIZE	0x15af
0x15b0	CALLDATALOAD	0x15b0
0x15b5	CALLVALUE	0x15b5
0x15b6	CALLDATASIZE	0x15b6
0x15bc	CALLDATALOAD	0x15bc
0x15bd	CALLVALUE	0x15bd
0x15c0	CALLDATASIZE	0x15c0
0x15cb	CALLVALUE	0x15cb
0x15cd	CALLER	0x15cd
0x15f7	CALLDATASIZE	0x15f7
0x15f9	CALLER	0x15f9
0x1623	CALLDATASIZE	0x1623
0x1624	CALLER	0x1624
0x1625	CALLER	0x1625
0x1627	CALLER	0x1627
0x1651	CALLDATASIZE	0x1651
0x1653	CALLVALUE	0x1653
0x1655	CALLDATALOAD	0x1655
0x1657	CALLDATALOAD	0x1657
0x1658	CALLDATASIZE	0x1658
0x1660	CALLDATASIZE	0x1660
0x166e	CALLDATASIZE	0x166e
0x1674	CALLDATALOAD	0x1674
0x1675	CALLVALUE	0x1675
0x1678	CALLDATASIZE	0x1678
0x1683	CALLVALUE	0x1683
0x1685	CALLER	0x1685
0x16af	CALLDATASIZE	0x16af
0x16b1	CALLER	0x16b1
0x16db	CALLDATASIZE	0x16db
0x16dc	CALLDATASIZE	0x16dc
0x16df	CALLER	0x16df
0x16e0	CALLDATASIZE	0x16e0
0x16e6	CALLDATALOAD	0x16e6
0x16e7	CALLVALUE	0x16e7
0x16ea	CALLDATASIZE	0x16ea
0x16f5	CALLVALUE	0x16f5
0x16f7	CALLER	0x16f7
0x1721	CALLDATASIZE	0x1721
0x1723	CALLER	0x1723
0x174d	CALLDATASIZE	0x174d
0x175c	CALLDATALOAD	0x175c
0x175f	CALLVALUE	0x175f
0x1761	CALLER	0x1761
0x1762	CALLVALUE	0x1762
0x1763	CALLVALUE	0x1763
0x176d	ORIGIN	0x176d
0x176f	CALLVALUE	0x176f
0x1772	CALLVALUE	0x1772
0x1790	CALLDATASIZE	0x1790
0x1792	CALLVALUE	0x1792
0x1794	CALLDATALOAD	0x1794
0x1796	CALLDATASIZE	0x1796
0x1798	CALLVALUE	0x1798
0x179a	CALLDATALOAD	0x179a
0x17a1	CALLER	0x17a1
0x17a9	CALLVALUE	0x17a9
0x17aa	CALLDATASIZE	0x17aa
0x17b0	CALLDATALOAD	0x17b0
0x17b1	CALLVALUE	0x17b1
0x17b4	CALLDATASIZE	0x17b4
0x17bf	CALLVALUE	0x17bf
0x17c1	CALLER	0x17c1
0x17eb	CALLDATASIZE	0x17eb
0x17ec	CALLDATASIZE	0x17ec
0x17ef	CALLER	0x17ef
0x17f0	CALLDATASIZE	0x17f0
0x17f4	CALLDATASIZE	0x17f4
0x17fe	CALLDATALOAD	0x17fe
0x17ff	CALLVALUE	0x17ff
0x1803	CALLER	0x1803
0x182d	ORIGIN	0x182d
0x1831	CALLDATASIZE	0x1831
0x1835	CALLER	0x1835
0x1837	CALLER	0x1837
0x1861	CALLDATASIZE	0x1861
0x1863	ORIGIN	0x1863
0x1868	CALLDATALOAD	0x1868
0x1869	CALLDATALOAD	0x1869
0x186a	CALLDATALOAD	0x186a
0x186c	CALLDATASIZE	0x186c
0x1870	CALLDATASIZE	0x1870
0x1873	CALLVALUE	0x1873
0x1874	CALLDATASIZE	0x1874
0x1878	CALLDATASIZE	0x1878
0x1882	CALLDATALOAD	0x1882
0x1883	CALLVALUE	0x1883
0x1887	CALLER	0x1887
0x18b1	ORIGIN	0x18b1
0x18b5	CALLDATASIZE	0x18b5
0x18b9	CALLER	0x18b9
0x18bb	CALLER	0x18bb
0x18e5	CALLDATASIZE	0x18e5
0x18e7	ORIGIN	0x18e7
0x18ec	CALLDATALOAD	0x18ec
0x18ed	CALLDATALOAD	0x18ed
0x18ee	CALLDATALOAD	0x18ee
0x18f0	CALLDATALOAD	0x18f0
0x18f1	CALLDATASIZE	0x18f1
0x18f2	CALLDATALOAD	0x18f2
0x18f7	CALLER	0x18f7
0x18f8	CALLDATASIZE	0x18f8
0x18fb	CALLVALUE	0x18fb
0x18fe	CALLDATALOAD	0x18fe
0x18ff	CALLVALUE	0x18ff
0x1902	CALLDATASIZE	0x1902
0x190d	CALLVALUE	0x190d
0x190e	CALLDATASIZE	0x190e
0x1918	CALLDATALOAD	0x1918
0x191e	CALLDATASIZE	0x191e
0x1921	CALLER	0x1921
0x1922	CALLDATASIZE	0x1922
0x1925	CALLVALUE	0x1925
0x1928	CALLDATALOAD	0x1928
0x1929	CALLVALUE	0x1929
0x192c	CALLDATASIZE	0x192c
0x1937	CALLVALUE	0x1937
0x1938	CALLDATASIZE	0x1938
0x1942	CALLDATASIZE	0x1942
0x194a	CALLDATALOAD	0x194a
0x194c	CALLDATASIZE	0x194c
0x194f	CALLER	0x194f
0x1950	CALLDATASIZE	0x1950
0x1956	CALLDATALOAD	0x1956
0x1957	CALLVALUE	0x1957
0x195a	CALLDATASIZE	0x195a
0x1965	CALLVALUE	0x1965
0x1967	CALLER	0x1967
0x1991	CALLDATASIZE	0x1991
0x1993	CALLER	0x1993
0x19bd	CALLDATASIZE	0x19bd
0x19be	CALLER	0x19be
0x19bf	CALLER	0x19bf
0x19c1	CALLER	0x19c1
0x19eb	CALLDATASIZE	0x19eb
0x19ed	CALLVALUE	0x19ed
0x19ee	CALLDATALOAD	0x19ee
0x19fc	CALLDATASIZE	0x19fc
0x19ff	CALLDATALOAD	0x19ff
0x1a00	CALLDATASIZE	0x1a00
0x1a06	CALLDATALOAD	0x1a06
0x1a07	CALLVALUE	0x1a07
0x1a0a	CALLDATASIZE	0x1a0a
0x1a15	CALLVALUE	0x1a15
0x1a17	CALLER	0x1a17
0x1a41	CALLDATASIZE	0x1a41
0x1a43	CALLER	0x1a43
0x1a6d	CALLDATASIZE	0x1a6d
0x1a6e	CALLER	0x1a6e
0x1a6f	CALLER	0x1a6f
0x1a71	CALLER	0x1a71
0x1a9b	CALLDATASIZE	0x1a9b
0x1a9d	CALLVALUE	0x1a9d
0x1a9e	CALLDATALOAD	0x1a9e
0x1aa3	CALLDATALOAD	0x1aa3
0x1aa4	CALLDATASIZE	0x1aa4
0x1aba	CALLDATASIZE	0x1aba
0x1abb	CALLVALUE	0x1abb
0x1abd	CALLER	0x1abd
0x1abf	CALLER	0x1abf
0x1ac0	CALLDATASIZE	0x1ac0
0x1acc	CALLDATALOAD	0x1acc
0x1acf	ORIGIN	0x1acf
0x1ad2	CALLDATALOAD	0x1ad2
0x1ad4	CALLDATALOAD	0x1ad4
0x1ad6	CALLDATALOAD	0x1ad6
0x1ad7	CALLDATASIZE	0x1ad7
0x1ad8	CALLDATALOAD	0x1ad8
0x1ae0	CALLDATASIZE	0x1ae0
0x1ae5	CALLER	0x1ae5
0x1ae7	CALLER	0x1ae7
0x1b11	CALLDATASIZE	0x1b11
0x1b13	CALLER	0x1b13
0x1b3d	CALLDATASIZE	0x1b3d
0x1b40	CALLDATALOAD	0x1b40
0x1b41	ORIGIN	0x1b41
0x1b42	CALLDATASIZE	0x1b42
0x1b44	ORIGIN	0x1b44
0x1b4c	CALLDATALOAD	0x1b4c
0x1b4d	ORIGIN	0x1b4d
0x1b4e	CALLDATASIZE	0x1b4e
0x1b50	ORIGIN	0x1b50
0x1b54	CALLDATASIZE	0x1b54
0x1b58	ORIGIN	0x1b58
0x1b5a	CALLDATALOAD	0x1b5a
0x1b5b	CALLVALUE	0x1b5b
0x1b5e	CALLDATALOAD	0x1b5e
0x1b64	CALLDATALOAD	0x1b64
0x1b66	CALLDATALOAD	0x1b66
0x1b67	CALLDATASIZE	0x1b67
0x1b68	CALLDATALOAD	0x1b68
0x1b6d	CALLER	0x1b6d
0x1b6e	CALLDATASIZE	0x1b6e
0x1b74	CALLDATALOAD	0x1b74
0x1b75	CALLVALUE	0x1b75
0x1b78	CALLDATASIZE	0x1b78
0x1b83	CALLVALUE	0x1b83
0x1b85	CALLER	0x1b85
0x1baf	CALLDATASIZE	0x1baf
0x1bb1	CALLER	0x1bb1
0x1bdb	CALLDATASIZE	0x1bdb
0x1bdc	CALLER	0x1bdc
0x1bdd	CALLER	0x1bdd
0x1bdf	CALLER	0x1bdf
0x1c09	CALLDATASIZE	0x1c09
0x1c0b	CALLVALUE	0x1c0b
0x1c0d	CALLDATALOAD	0x1c0d
0x1c0f	CALLDATALOAD	0x1c0f
0x1c10	CALLDATASIZE	0x1c10
0x1c27	CALLDATALOAD	0x1c27
0x1c28	CALLDATASIZE	0x1c28
0x1c2c	CALLDATASIZE	0x1c2c
0x1c36	CALLDATALOAD	0x1c36
0x1c37	CALLVALUE	0x1c37
0x1c3b	CALLER	0x1c3b
0x1c65	ORIGIN	0x1c65
0x1c69	CALLDATASIZE	0x1c69
0x1c6d	CALLER	0x1c6d
0x1c6f	CALLER	0x1c6f
0x1c99	CALLDATASIZE	0x1c99
0x1c9b	ORIGIN	0x1c9b
0x1ca0	CALLDATALOAD	0x1ca0
0x1ca1	CALLDATALOAD	0x1ca1
0x1ca2	CALLDATALOAD	0x1ca2
0x1ca4	CALLDATALOAD	0x1ca4
0x1ca6	CALLDATALOAD	0x1ca6
0x1ca7	CALLDATASIZE	0x1ca7
0x1ca8	CALLDATALOAD	0x1ca8
0x1cad	CALLER	0x1cad
0x1cae	CALLDATASIZE	0x1cae
0x1cb4	CALLDATALOAD	0x1cb4
0x1cb5	CALLVALUE	0x1cb5
0x1cb8	CALLDATASIZE	0x1cb8
0x1cc3	CALLVALUE	0x1cc3
0x1cc5	CALLER	0x1cc5
0x1cef	CALLDATASIZE	0x1cef
0x1cf1	CALLER	0x1cf1
0x1d1b	CALLDATASIZE	0x1d1b
0x1d1c	CALLER	0x1d1c
0x1d1d	CALLER	0x1d1d
0x1d1f	CALLER	0x1d1f
0x1d49	CALLDATASIZE	0x1d49
0x1d4b	CALLVALUE	0x1d4b
0x1d4d	CALLDATALOAD	0x1d4d
0x1d4f	CALLDATALOAD	0x1d4f
0x1d50	CALLDATASIZE	0x1d50
0x1d66	CALLDATASIZE	0x1d66
0x1d69	CALLVALUE	0x1d69
0x1d6c	CALLDATALOAD	0x1d6c
0x1d6d	CALLVALUE	0x1d6d
0x1d70	CALLDATASIZE	0x1d70
0x1d7b	CALLVALUE	0x1d7b
0x1d7c	CALLDATASIZE	0x1d7c
0x1d87	CALLDATALOAD	0x1d87
0x1d88	CALLDATASIZE	0x1d88
0x1d9e	CALLDATASIZE	0x1d9e
0x1da1	CALLER	0x1da1
0x1da2	CALLDATASIZE	0x1da2
0x1da5	CALLVALUE	0x1da5
0x1da6	CALLDATASIZE	0x1da6
0x1db0	CALLDATALOAD	0x1db0
0x1db1	CALLVALUE	0x1db1
0x1db4	CALLDATASIZE	0x1db4
0x1dc1	CALLER	0x1dc1
0x1dc3	CALLDATALOAD	0x1dc3
0x1dc5	CALLDATALOAD	0x1dc5
0x1dc7	ORIGIN	0x1dc7
0x1dcc	CALLDATALOAD	0x1dcc
0x1dcd	CALLDATALOAD	0x1dcd
0x1dce	CALLDATALOAD	0x1dce
0x1dd9	ORIGIN	0x1dd9
0x1de7	CALLER	0x1de7
0x1de8	ORIGIN	0x1de8
0x1de9	CALLER	0x1de9
0x1dea	CALLDATALOAD	0x1dea
0x1df8	CALLER	0x1df8
0x1dfd	CALLER	0x1dfd
0x1dff	CALLDATASIZE	0x1dff
0x1e09	CALLVALUE	0x1e09
0x1e0a	CALLER	0x1e0a
0x1e0b	CALLVALUE	0x1e0b
0x1e10	ORIGIN	0x1e10
0x1e11	CALLDATALOAD	0x1e11
0x1e12	CALLDATASIZE	0x1e12
0x1e14	CALLVALUE	0x1e14
0x1e16	CALLDATALOAD	0x1e16
0x1e18	CALLDATASIZE	0x1e18
0x1e1a	CALLVALUE	0x1e1a
0x1e1c	CALLDATALOAD	0x1e1c
0x1e23	CALLER	0x1e23
0x1e29	CALLDATASIZE	0x1e29
0x1e2a	CALLDATALOAD	0x1e2a
0x1e2f	CALLER	0x1e2f
0x1e30	CALLDATASIZE	0x1e30
0x1e36	CALLDATALOAD	0x1e36
0x1e37	CALLVALUE	0x1e37
0x1e3a	CALLDATASIZE	0x1e3a
0x1e45	CALLVALUE	0x1e45
0x1e47	CALLER	0x1e47
0x1e71	CALLDATASIZE	0x1e71
0x1e74	CALLDATALOAD	0x1e74
0x1e75	CALLDATASIZE	0x1e75
0x1e76	CALLDATALOAD	0x1e76
0x1e7e	CALLDATALOAD	0x1e7e
0x1e86	CALLDATASIZE	0x1e86
0x1e88	CALLVALUE	0x1e88
0x1e8a	CALLDATALOAD	0x1e8a
0x1e8b	ORIGIN	0x1e8b
0x1e8e	CALLDATASIZE	0x1e8e
0x1e91	CALLER	0x1e91
0x1e94	CALLDATALOAD	0x1e94
0x1e95	ORIGIN	0x1e95
0x1e96	CALLDATASIZE	0x1e96
0x1e98	ORIGIN	0x1e98
0x1ee0	CALLDATALOAD	0x1ee0
0x1ee1	ORIGIN	0x1ee1
0x1ee2	CALLDATALOAD	0x1ee2
0x1ee6	CALLDATALOAD	0x1ee6
0x1ee7	CALLDATASIZE	0x1ee7
0x1ee8	CALLDATALOAD	0x1ee8
0x1eef	ORIGIN	0x1eef
0x1ef0	CALLER	0x1ef0
0x1ef3	CALLER	0x1ef3
0x1f1d	CALLDATASIZE	0x1f1d
0x1f21	CALLER	0x1f21
0x1f4b	CALLDATASIZE	0x1f4b
0x1f4d	CALLVALUE	0x1f4d
0x1f4f	CALLDATALOAD	0x1f4f
0x1f51	CALLDATALOAD	0x1f51
0x1f53	CALLDATALOAD	0x1f53
0x1f54	CALLDATASIZE	0x1f54
0x1f6a	CALLDATASIZE	0x1f6a
0x1f6d	CALLVALUE	0x1f6d
0x1f70	CALLDATALOAD	0x1f70
0x1f71	CALLVALUE	0x1f71
0x1f74	CALLDATASIZE	0x1f74
0x1f7f	CALLVALUE	0x1f7f
0x1f80	CALLDATASIZE	0x1f80
0x1f8a	CALLDATASIZE	0x1f8a
0x1f94	CALLDATASIZE	0x1f94
0x1f97	CALLER	0x1f97
0x1f98	CALLDATASIZE	0x1f98
0x1f9e	CALLDATALOAD	0x1f9e
0x1f9f	CALLVALUE	0x1f9f
0x1fa2	CALLDATASIZE	0x1fa2
0x1fad	CALLVALUE	0x1fad
0x1faf	CALLER	0x1faf
0x1fd9	CALLDATASIZE	0x1fd9
0x1fdb	CALLER	0x1fdb
0x2005	CALLDATASIZE	0x2005
0x2006	CALLER	0x2006
0x2007	CALLER	0x2007
0x2009	CALLER	0x2009
0x2033	CALLDATASIZE	0x2033
0x2035	CALLVALUE	0x2035
0x2036	CALLDATALOAD	0x2036
0x203f	CALLER	0x203f
0x2040	CALLDATALOAD	0x2040
0x2042	CALLDATALOAD	0x2042
0x2044	CALLDATASIZE	0x2044
0x2047	CALLDATALOAD	0x2047
0x2048	CALLDATASIZE	0x2048
0x204e	CALLDATALOAD	0x204e
0x204f	CALLVALUE	0x204f
0x2052	CALLDATASIZE	0x2052
0x205d	CALLVALUE	0x205d
0x205f	CALLER	0x205f
0x2089	CALLDATASIZE	0x2089
0x208b	CALLER	0x208b
0x20b5	CALLDATASIZE	0x20b5
0x20b6	CALLER	0x20b6
0x20b7	CALLER	0x20b7
0x20b9	CALLER	0x20b9
0x20e3	CALLDATASIZE	0x20e3
0x20e5	CALLVALUE	0x20e5
0x20e6	CALLDATALOAD	0x20e6
0x20eb	CALLDATALOAD	0x20eb
0x20ec	CALLDATASIZE	0x20ec
0x2105	CALLVALUE	0x2105
0x2107	CALLVALUE	0x2107
0x2108	CALLDATASIZE	0x2108
0x210f	CALLDATASIZE	0x210f
0x2110	CALLDATALOAD	0x2110
0x2116	CALLDATALOAD	0x2116
0x2119	ORIGIN	0x2119
0x211c	CALLDATALOAD	0x211c
0x211e	CALLDATALOAD	0x211e
0x2120	CALLDATALOAD	0x2120
0x2121	CALLDATASIZE	0x2121
0x2122	CALLDATALOAD	0x2122
0x2127	CALLDATALOAD	0x2127
0x2128	CALLDATASIZE	0x2128
0x212e	CALLDATALOAD	0x212e
0x212f	CALLVALUE	0x212f
0x2132	CALLDATASIZE	0x2132
0x213d	CALLVALUE	0x213d
0x213f	CALLER	0x213f
0x2169	CALLDATASIZE	0x2169
0x216c	CALLDATALOAD	0x216c
0x216d	CALLDATASIZE	0x216d
0x216e	CALLDATALOAD	0x216e
0x2174	CALLDATASIZE	0x2174
0x2177	CALLER	0x2177
0x2178	CALLDATASIZE	0x2178
0x217b	CALLVALUE	0x217b
0x217e	CALLDATALOAD	0x217e
0x217f	CALLVALUE	0x217f
0x2182	CALLDATASIZE	0x2182
0x218d	CALLVALUE	0x218d
0x218e	CALLDATASIZE	0x218e
0x2198	CALLDATASIZE	0x2198
0x219c	ORIGIN	0x219c
0x219d	ORIGIN	0x219d
0x219e	CALLDATALOAD	0x219e
0x21a0	CALLDATALOAD	0x21a0
0x21a2	CALLDATASIZE	0x21a2
0x21a5	CALLER	0x21a5
0x21a6	CALLDATASIZE	0x21a6
0x21ac	CALLDATALOAD	0x21ac
0x21ad	CALLVALUE	0x21ad
0x21b0	CALLDATASIZE	0x21b0
0x21bb	CALLVALUE	0x21bb
0x21bd	CALLER	0x21bd
0x21e7	CALLDATASIZE	0x21e7
0x21e9	CALLER	0x21e9
0x2213	CALLDATASIZE	0x2213
0x2214	CALLER	0x2214
0x2215	CALLER	0x2215
0x2217	CALLER	0x2217
0x2241	CALLDATASIZE	0x2241
0x2243	CALLVALUE	0x2243
0x2244	CALLDATALOAD	0x2244
0x2250	CALLDATALOAD	0x2250
0x2252	CALLDATASIZE	0x2252
0x2255	CALLDATALOAD	0x2255
0x2256	CALLDATASIZE	0x2256
0x225c	CALLDATALOAD	0x225c
0x225d	CALLVALUE	0x225d
0x2260	CALLDATASIZE	0x2260
0x226b	CALLVALUE	0x226b
0x226d	CALLER	0x226d
0x2297	CALLDATASIZE	0x2297
0x2299	CALLER	0x2299
0x22c3	CALLDATASIZE	0x22c3
0x22c4	CALLER	0x22c4
0x22c5	CALLER	0x22c5
0x22c7	CALLER	0x22c7
0x22f1	CALLDATASIZE	0x22f1
0x22f3	CALLVALUE	0x22f3
0x22f4	CALLDATALOAD	0x22f4
0x22f9	CALLDATALOAD	0x22f9
0x22fa	CALLDATASIZE	0x22fa
0x22ff	CALLDATALOAD	0x22ff
0x2300	CALLDATALOAD	0x2300
0x2302	CALLDATASIZE	0x2302
0x2325	ORIGIN	0x2325
0x2328	CALLDATALOAD	0x2328
0x232a	CALLDATALOAD	0x232a
0x232c	CALLDATALOAD	0x232c
0x232d	CALLDATASIZE	0x232d
0x232e	CALLDATALOAD	0x232e
0x2333	CALLER	0x2333
0x2334	CALLDATASIZE	0x2334
0x233a	CALLDATALOAD	0x233a
0x233b	CALLVALUE	0x233b
0x233e	CALLDATASIZE	0x233e
0x2349	CALLVALUE	0x2349
0x234b	CALLER	0x234b
0x2375	CALLDATASIZE	0x2375
0x2377	CALLER	0x2377
0x23a1	CALLDATASIZE	0x23a1
0x23a2	CALLER	0x23a2
0x23a3	CALLER	0x23a3
0x23a5	CALLER	0x23a5
0x23cf	CALLDATASIZE	0x23cf
0x23d1	CALLVALUE	0x23d1
0x23d3	CALLDATALOAD	0x23d3
0x23d5	CALLDATALOAD	0x23d5
0x23d6	CALLDATASIZE	0x23d6
0x2415	CALLDATASIZE	0x2415
0x2416	CALLDATASIZE	0x2416
0x2417	CALLER	0x2417
0x241b	CALLDATALOAD	0x241b
0x2423	CALLER	0x2423
0x2424	CALLDATASIZE	0x2424
0x242a	CALLDATALOAD	0x242a
0x242b	CALLVALUE	0x242b
0x242e	CALLDATASIZE	0x242e
0x2439	CALLVALUE	0x2439
0x243b	CALLER	0x243b
0x2465	CALLDATASIZE	0x2465
0x2467	CALLER	0x2467
0x2468	CALLDATASIZE	0x2468
0x246a	CALLVALUE	0x246a
0x246c	CALLDATALOAD	0x246c
0x246f	CALLER	0x246f
0x2470	CALLDATASIZE	0x2470
0x2471	CALLER	0x2471
0x247b	CALLDATASIZE	0x247b
0x24b9	ORIGIN	0x24b9
0x24bc	CALLDATALOAD	0x24bc
0x24bd	ORIGIN	0x24bd
0x24be	CALLDATASIZE	0x24be
0x24c1	CALLVALUE	0x24c1
0x24c7	CALLER	0x24c7
0x24c9	CALLER	0x24c9
0x24f3	CALLDATASIZE	0x24f3
0x24f5	CALLER	0x24f5
0x251f	CALLDATASIZE	0x251f
0x2522	CALLDATALOAD	0x2522
0x2523	ORIGIN	0x2523
0x2524	CALLDATASIZE	0x2524
0x2526	ORIGIN	0x2526
0x252b	ORIGIN	0x252b
0x252e	CALLDATALOAD	0x252e
0x252f	ORIGIN	0x252f
0x2530	CALLDATASIZE	0x2530
0x2532	ORIGIN	0x2532
0x2537	ORIGIN	0x2537
0x2538	CALLDATALOAD	0x2538
0x253a	CALLDATALOAD	0x253a
0x253c	CALLDATALOAD	0x253c
0x253e	CALLDATASIZE	0x253e
0x2540	ORIGIN	0x2540
0x2542	CALLDATASIZE	0x2542
0x2544	CALLVALUE	0x2544
0x2546	CALLDATALOAD	0x2546
0x254b	CALLER	0x254b
0x254d	CALLER	0x254d
0x2550	CALLDATASIZE	0x2550
0x2558	CALLER	0x2558
0x255f	CALLDATALOAD	0x255f
0x2560	CALLDATASIZE	0x2560
0x2563	ORIGIN	0x2563
0x2568	CALLDATASIZE	0x2568
0x257e	CALLDATASIZE	0x257e
0x2581	ORIGIN	0x2581
0x258e	CALLER	0x258e
0x259e	CALLDATALOAD	0x259e
0x25a0	CALLDATALOAD	0x25a0
0x25a2	CALLDATASIZE	0x25a2
0x25a4	CALLVALUE	0x25a4
0x25a6	CALLDATALOAD	0x25a6
0x25a8	CALLER	0x25a8
0x25b3	CALLDATALOAD	0x25b3
0x25b4	CALLDATASIZE	0x25b4
0x25b7	ORIGIN	0x25b7
0x25d0	CALLDATALOAD	0x25d0
0x25d4	CALLDATASIZE	0x25d4
0x25d6	ORIGIN	0x25d6
0x25dd	ORIGIN	0x25dd
0x25e2	CALLDATALOAD	0x25e2
0x25e4	CALLDATALOAD	0x25e4
0x25e6	CALLDATALOAD	0x25e6
0x25e8	CALLDATALOAD	0x25e8
0x25ea	CALLDATALOAD	0x25ea
0x25ec	CALLDATALOAD	0x25ec
0x25ee	CALLDATALOAD	0x25ee
0x25ef	CALLDATASIZE	0x25ef
0x25f0	CALLDATALOAD	0x25f0
0x25f6	CALLDATASIZE	0x25f6
0x25f9	ORIGIN	0x25f9
0x25fa	CALLDATASIZE	0x25fa
0x25ff	CALLVALUE	0x25ff
0x2601	CALLER	0x2601
0x262b	CALLDATASIZE	0x262b
0x262d	CALLER	0x262d
0x2657	CALLDATASIZE	0x2657
0x265a	CALLDATALOAD	0x265a
0x265b	ORIGIN	0x265b
0x265c	CALLDATASIZE	0x265c
0x265e	ORIGIN	0x265e
0x2666	CALLDATALOAD	0x2666
0x2667	ORIGIN	0x2667
0x2668	CALLDATASIZE	0x2668
0x266a	ORIGIN	0x266a
0x266e	CALLDATASIZE	0x266e
0x2672	ORIGIN	0x2672
0x2674	CALLDATASIZE	0x2674
0x2679	CALLER	0x2679
0x267b	CALLER	0x267b
0x26a5	CALLDATASIZE	0x26a5
0x26a7	CALLER	0x26a7
0x26d1	CALLDATASIZE	0x26d1
0x26d4	CALLDATALOAD	0x26d4
0x26d5	ORIGIN	0x26d5
0x26d6	CALLDATASIZE	0x26d6
0x26d8	ORIGIN	0x26d8
0x26e0	CALLDATALOAD	0x26e0
0x26e1	ORIGIN	0x26e1
0x26e2	CALLDATASIZE	0x26e2
0x26e4	ORIGIN	0x26e4
0x26e8	CALLDATASIZE	0x26e8
0x26ec	ORIGIN	0x26ec
0x26ee	CALLDATALOAD	0x26ee
0x26ef	CALLVALUE	0x26ef
0x26f2	CALLDATALOAD	0x26f2
0x26f5	ORIGIN	0x26f5
0x26f8	CALLDATALOAD	0x26f8
0x26fa	CALLDATALOAD	0x26fa
0x26fc	CALLDATALOAD	0x26fc
0x26fd	CALLDATASIZE	0x26fd
0x26fe	CALLDATALOAD	0x26fe
0x2703	CALLVALUE	0x2703
0x2704	CALLDATASIZE	0x2704
0x270a	CALLDATALOAD	0x270a
0x270b	CALLVALUE	0x270b
0x270e	CALLDATASIZE	0x270e
0x2719	CALLVALUE	0x2719
0x271b	CALLER	0x271b
0x2745	CALLDATASIZE	0x2745
0x2748	CALLDATALOAD	0x2748
0x2749	CALLDATASIZE	0x2749
0x274a	CALLDATALOAD	0x274a
0x274f	CALLER	0x274f
0x2750	CALLDATASIZE	0x2750
0x2756	CALLDATALOAD	0x2756
0x2757	CALLVALUE	0x2757
0x275a	CALLDATASIZE	0x275a
0x2765	CALLVALUE	0x2765
0x2767	CALLER	0x2767
0x2791	CALLDATASIZE	0x2791
0x2793	CALLER	0x2793
0x27bd	CALLDATASIZE	0x27bd
0x27be	CALLER	0x27be
0x27bf	CALLER	0x27bf
0x27c1	CALLER	0x27c1
0x27eb	CALLDATASIZE	0x27eb
0x27ed	CALLVALUE	0x27ed
0x27ef	CALLDATALOAD	0x27ef
0x27f1	CALLDATALOAD	0x27f1
0x27f2	CALLDATASIZE	0x27f2
0x27f5	CALLVALUE	0x27f5
0x27f8	CALLDATALOAD	0x27f8
0x27fa	CALLDATASIZE	0x27fa
0x2809	CALLVALUE	0x2809
0x280a	CALLDATASIZE	0x280a
0x280e	CALLDATASIZE	0x280e
0x2818	CALLDATALOAD	0x2818
0x2819	CALLVALUE	0x2819
0x281d	CALLER	0x281d
0x2847	ORIGIN	0x2847
0x284b	CALLDATASIZE	0x284b
0x284f	CALLER	0x284f
0x2851	CALLER	0x2851
0x287b	CALLDATASIZE	0x287b
0x287d	ORIGIN	0x287d
0x2882	CALLDATALOAD	0x2882
0x2883	CALLDATALOAD	0x2883
0x2884	CALLDATALOAD	0x2884
0x2886	CALLDATALOAD	0x2886
0x2888	CALLDATALOAD	0x2888
0x2889	CALLDATASIZE	0x2889
0x288a	CALLDATALOAD	0x288a
0x2892	CALLDATASIZE	0x2892
0x2895	ORIGIN	0x2895
0x2896	CALLDATASIZE	0x2896
0x289a	CALLER	0x289a
0x289b	CALLER	0x289b
0x289d	CALLER	0x289d
0x28c7	CALLDATASIZE	0x28c7
0x28c9	CALLER	0x28c9
0x28f3	CALLDATASIZE	0x28f3
0x28f6	CALLDATALOAD	0x28f6
0x28f7	ORIGIN	0x28f7
0x28f8	CALLDATASIZE	0x28f8
0x28fa	ORIGIN	0x28fa
0x2902	CALLDATALOAD	0x2902
0x2903	ORIGIN	0x2903
0x2904	CALLDATASIZE	0x2904
0x2906	ORIGIN	0x2906
0x290a	CALLDATASIZE	0x290a
0x290e	ORIGIN	0x290e
0x2910	CALLDATASIZE	0x2910
0x2915	CALLDATALOAD	0x2915
0x2917	CALLER	0x2917
0x2941	CALLDATASIZE	0x2941
0x2943	CALLER	0x2943
0x296d	CALLDATASIZE	0x296d
0x2970	CALLDATALOAD	0x2970
0x2971	ORIGIN	0x2971
0x2972	CALLDATASIZE	0x2972
0x2974	ORIGIN	0x2974
0x297c	CALLDATALOAD	0x297c
0x297d	ORIGIN	0x297d
0x297e	CALLDATASIZE	0x297e
0x2980	ORIGIN	0x2980
0x2984	CALLDATASIZE	0x2984
0x2988	ORIGIN	0x2988
0x298e	CALLDATALOAD	0x298e
0x298f	CALLDATALOAD	0x298f
0x2990	CALLDATALOAD	0x2990
0x2993	ORIGIN	0x2993
0x2995	CALLER	0x2995
0x29bf	CALLDATASIZE	0x29bf
0x29c0	CALLER	0x29c0
0x29c1	CALLER	0x29c1
0x29c3	CALLER	0x29c3
0x29ed	CALLDATASIZE	0x29ed
0x29f7	CALLDATALOAD	0x29f7
0x2a13	CALLER	0x2a13
0x2a15	CALLVALUE	0x2a15
0x2a1b	ORIGIN	0x2a1b
0x2a1c	ORIGIN	0x2a1c
0x2a2b	CALLER	0x2a2b
0x2a31	CALLVALUE	0x2a31
0x2a32	CALLDATASIZE	0x2a32
0x2a34	CALLVALUE	0x2a34
0x2a36	CALLDATALOAD	0x2a36
0x2a3b	ORIGIN	0x2a3b
0x2a3e	CALLDATALOAD	0x2a3e
0x2a3f	ORIGIN	0x2a3f
0x2a40	CALLDATASIZE	0x2a40
0x2a42	ORIGIN	0x2a42
0x2a48	CALLDATALOAD	0x2a48
0x2a4a	CALLDATALOAD	0x2a4a
0x2a4c	CALLDATASIZE	0x2a4c
0x2a4e	CALLVALUE	0x2a4e
0x2a50	CALLDATALOAD	0x2a50
0x2a57	CALLER	0x2a57
0x2a62	CALLDATALOAD	0x2a62
0x2a65	ORIGIN	0x2a65
0x2a68	CALLDATALOAD	0x2a68
0x2a6a	CALLDATALOAD	0x2a6a
0x2a6c	CALLDATALOAD	0x2a6c
0x2a6d	CALLDATASIZE	0x2a6d
0x2a6e	CALLDATALOAD	0x2a6e
0x2a77	CALLER	0x2a77
0x2aa1	CALLDATASIZE	0x2aa1
0x2aa3	CALLER	0x2aa3
0x2aa5	CALLER	0x2aa5
0x2acf	CALLDATASIZE	0x2acf
0x2ad1	CALLVALUE	0x2ad1
0x2ad3	CALLDATALOAD	0x2ad3
0x2ad5	CALLDATALOAD	0x2ad5
0x2ad7	CALLDATALOAD	0x2ad7
0x2ad8	CALLDATASIZE	0x2ad8
0x2adb	CALLDATALOAD	0x2adb
0x2add	CALLVALUE	0x2add
0x2ade	CALLDATALOAD	0x2ade
0x2ae0	CALLDATASIZE	0x2ae0
0x2af1	CALLDATALOAD	0x2af1
0x2af3	CALLER	0x2af3
0x2b1d	CALLDATASIZE	0x2b1d
0x2b1f	CALLER	0x2b1f
0x2b49	CALLDATASIZE	0x2b49
0x2b4c	CALLDATALOAD	0x2b4c
0x2b4d	ORIGIN	0x2b4d
0x2b4e	CALLDATASIZE	0x2b4e
0x2b50	ORIGIN	0x2b50
0x2b58	CALLDATALOAD	0x2b58
0x2b59	ORIGIN	0x2b59
0x2b5a	CALLDATASIZE	0x2b5a
0x2b5c	ORIGIN	0x2b5c
0x2b60	CALLDATASIZE	0x2b60
0x2b64	ORIGIN	0x2b64
0x2b66	CALLDATALOAD	0x2b66
0x2b67	CALLVALUE	0x2b67
0x2b69	ORIGIN	0x2b69
0x2b6d	CALLDATALOAD	0x2b6d
0x2b6f	CALLDATALOAD	0x2b6f
0x2b71	CALLDATALOAD	0x2b71
0x2b72	CALLDATASIZE	0x2b72
0x2b75	CALLDATALOAD	0x2b75
0x2b88	CALLDATASIZE	0x2b88
0x2b8d	CALLDATALOAD	0x2b8d
0x2b8f	CALLER	0x2b8f
0x2bb9	CALLDATASIZE	0x2bb9
0x2bbb	CALLER	0x2bbb
0x2be5	CALLDATASIZE	0x2be5
0x2be8	CALLDATALOAD	0x2be8
0x2be9	ORIGIN	0x2be9
0x2bea	CALLDATASIZE	0x2bea
0x2bec	ORIGIN	0x2bec
0x2bf4	CALLDATALOAD	0x2bf4
0x2bf5	ORIGIN	0x2bf5
0x2bf6	CALLDATASIZE	0x2bf6
0x2bf8	ORIGIN	0x2bf8
0x2bfc	CALLDATASIZE	0x2bfc
0x2c00	ORIGIN	0x2c00
0x2c02	CALLDATASIZE	0x2c02
0x2c06	CALLER	0x2c06
0x2c07	CALLER	0x2c07
0x2c09	CALLER	0x2c09
0x2c33	CALLDATASIZE	0x2c33
0x2c35	CALLER	0x2c35
0x2c5f	CALLDATASIZE	0x2c5f
0x2c62	CALLDATALOAD	0x2c62
0x2c63	ORIGIN	0x2c63
0x2c64	CALLDATASIZE	0x2c64
0x2c66	ORIGIN	0x2c66
0x2c6e	CALLDATALOAD	0x2c6e
0x2c6f	ORIGIN	0x2c6f
0x2c70	CALLDATASIZE	0x2c70
0x2c72	ORIGIN	0x2c72
0x2c76	CALLDATASIZE	0x2c76
0x2c7a	ORIGIN	0x2c7a
0x2c7c	CALLDATALOAD	0x2c7c
0x2c7d	CALLVALUE	0x2c7d
0x2c7f	ORIGIN	0x2c7f
0x2c83	CALLDATALOAD	0x2c83
0x2c85	CALLDATALOAD	0x2c85
0x2c87	CALLDATALOAD	0x2c87
0x2c88	CALLDATASIZE	0x2c88
0x2c8b	CALLDATASIZE	0x2c8b
0x2c8c	CALLVALUE	0x2c8c
0x2cab	CALLER	0x2cab
0x2cd5	CALLDATASIZE	0x2cd5
0x2cd7	CALLER	0x2cd7
0x2d01	CALLDATASIZE	0x2d01
0x2d04	CALLDATALOAD	0x2d04
0x2d05	ORIGIN	0x2d05
0x2d06	CALLDATASIZE	0x2d06
0x2d08	ORIGIN	0x2d08
0x2d10	CALLDATALOAD	0x2d10
0x2d11	ORIGIN	0x2d11
0x2d12	CALLDATASIZE	0x2d12
0x2d14	ORIGIN	0x2d14
0x2d18	CALLDATASIZE	0x2d18
0x2d1c	ORIGIN	0x2d1c
0x2d1e	CALLDATALOAD	0x2d1e
0x2d1f	CALLVALUE	0x2d1f
0x2d20	CALLDATASIZE	0x2d20
0x2d2c	CALLDATASIZE	0x2d2c
0x2d2d	CALLER	0x2d2d
0x2d37	CALLDATASIZE	0x2d37
0x2d38	CALLDATALOAD	0x2d38
0x2d39	CALLDATASIZE	0x2d39
0x2d3a	CALLDATALOAD	0x2d3a
0x2d43	CALLDATASIZE	0x2d43
0x2d45	CALLER	0x2d45
0x2d6f	CALLDATASIZE	0x2d6f
0x2d71	CALLER	0x2d71
0x2d9b	CALLDATASIZE	0x2d9b
0x2d9e	CALLDATALOAD	0x2d9e
0x2d9f	ORIGIN	0x2d9f
0x2da0	CALLDATASIZE	0x2da0
0x2da2	ORIGIN	0x2da2
0x2daa	CALLDATALOAD	0x2daa
0x2dab	ORIGIN	0x2dab
0x2dac	CALLDATASIZE	0x2dac
0x2dae	ORIGIN	0x2dae
0x2db2	CALLDATASIZE	0x2db2
0x2db6	ORIGIN	0x2db6
0x2dbc	CALLDATALOAD	0x2dbc
0x2dbd	CALLDATALOAD	0x2dbd
0x2dbe	CALLDATALOAD	0x2dbe
0x2dc0	CALLDATASIZE	0x2dc0
0x2dc4	CALLER	0x2dc4
0x2dc7	ORIGIN	0x2dc7
0x2dc8	CALLDATASIZE	0x2dc8
0x2dcf	CALLDATASIZE	0x2dcf
0x2dd1	CALLER	0x2dd1
0x2dfb	CALLDATASIZE	0x2dfb
0x2dfd	CALLER	0x2dfd
0x2e27	CALLDATASIZE	0x2e27
0x2e2a	CALLDATALOAD	0x2e2a
0x2e2b	ORIGIN	0x2e2b
0x2e2c	CALLDATASIZE	0x2e2c
0x2e2e	ORIGIN	0x2e2e
0x2e36	CALLDATALOAD	0x2e36
0x2e37	ORIGIN	0x2e37
0x2e38	CALLDATASIZE	0x2e38
0x2e3a	ORIGIN	0x2e3a
0x2e3e	CALLDATASIZE	0x2e3e
0x2e42	ORIGIN	0x2e42
0x2e44	CALLDATALOAD	0x2e44
0x2e45	CALLVALUE	0x2e45
0x2e46	CALLDATASIZE	0x2e46
0x2e52	CALLDATASIZE	0x2e52
0x2e53	CALLER	0x2e53
0x2e5d	CALLDATASIZE	0x2e5d
0x2e5e	CALLDATALOAD	0x2e5e
0x2e5f	CALLDATASIZE	0x2e5f
0x2e60	CALLDATALOAD	0x2e60
0x2e69	CALLDATALOAD	0x2e69
0x2e6b	CALLER	0x2e6b
0x2e95	CALLDATASIZE	0x2e95
0x2e97	CALLER	0x2e97
0x2ec1	CALLDATASIZE	0x2ec1
0x2ec4	CALLDATALOAD	0x2ec4
0x2ec5	ORIGIN	0x2ec5
0x2ec6	CALLDATASIZE	0x2ec6
0x2ec8	ORIGIN	0x2ec8
0x2ed0	CALLDATALOAD	0x2ed0
0x2ed1	ORIGIN	0x2ed1
0x2ed2	CALLDATASIZE	0x2ed2
0x2ed4	ORIGIN	0x2ed4
0x2ed8	CALLDATASIZE	0x2ed8
0x2edc	ORIGIN	0x2edc
0x2ee2	CALLDATALOAD	0x2ee2
0x2ee3	CALLDATALOAD	0x2ee3
0x2ee4	CALLDATALOAD	0x2ee4
0x2ee6	CALLDATASIZE	0x2ee6
0x2eed	ORIGIN	0x2eed
0x2eee	CALLDATASIZE	0x2eee
0x2ef1	ORIGIN	0x2ef1
0x2ef2	CALLDATASIZE	0x2ef2
0x2ef9	CALLER	0x2ef9
0x2f23	CALLDATASIZE	0x2f23
0x2f25	CALLER	0x2f25
0x2f4f	CALLDATASIZE	0x2f4f
0x2f52	CALLDATALOAD	0x2f52
0x2f53	ORIGIN	0x2f53
0x2f54	CALLDATASIZE	0x2f54
0x2f56	ORIGIN	0x2f56
0x2f5e	CALLDATALOAD	0x2f5e
0x2f5f	ORIGIN	0x2f5f
0x2f60	CALLDATASIZE	0x2f60
0x2f62	ORIGIN	0x2f62
0x2f66	CALLDATASIZE	0x2f66
0x2f6a	ORIGIN	0x2f6a
0x2f6c	CALLDATASIZE	0x2f6c
0x2f70	CALLER	0x2f70
0x2f71	CALLER	0x2f71
0x2f73	CALLER	0x2f73
0x2f9d	CALLDATASIZE	0x2f9d
0x2f9f	CALLER	0x2f9f
0x2fc9	CALLDATASIZE	0x2fc9
0x2fcc	CALLDATALOAD	0x2fcc
0x2fcd	ORIGIN	0x2fcd
0x2fce	CALLDATASIZE	0x2fce
0x2fd0	ORIGIN	0x2fd0
0x2fd8	CALLDATALOAD	0x2fd8
0x2fd9	ORIGIN	0x2fd9
0x2fda	CALLDATASIZE	0x2fda
0x2fdc	ORIGIN	0x2fdc
0x2fe0	CALLDATASIZE	0x2fe0
0x2fe4	ORIGIN	0x2fe4
0x2fe6	CALLDATALOAD	0x2fe6
0x2fe7	CALLVALUE	0x2fe7
0x2fe8	CALLDATASIZE	0x2fe8
0x2ff4	CALLDATASIZE	0x2ff4
0x2ff5	CALLER	0x2ff5
0x2fff	CALLDATASIZE	0x2fff
0x3000	CALLDATALOAD	0x3000
0x3001	CALLDATASIZE	0x3001
0x3002	CALLDATALOAD	0x3002
0x3007	ORIGIN	0x3007
0x3008	CALLDATASIZE	0x3008
0x300d	CALLDATASIZE	0x300d
0x300f	CALLER	0x300f
0x3039	CALLDATASIZE	0x3039
0x303b	CALLER	0x303b
0x3065	CALLDATASIZE	0x3065
0x3068	CALLDATALOAD	0x3068
0x3069	ORIGIN	0x3069
0x306a	CALLDATASIZE	0x306a
0x306c	ORIGIN	0x306c
0x3074	CALLDATALOAD	0x3074
0x3075	ORIGIN	0x3075
0x3076	CALLDATASIZE	0x3076
0x3078	ORIGIN	0x3078
0x307c	CALLDATASIZE	0x307c
0x3080	ORIGIN	0x3080
0x3082	CALLDATASIZE	0x3082
0x3086	CALLER	0x3086
0x3087	CALLER	0x3087
0x3089	CALLER	0x3089
0x30b3	CALLDATASIZE	0x30b3
0x30b5	CALLER	0x30b5
0x30df	CALLDATASIZE	0x30df
0x30e2	CALLDATALOAD	0x30e2
0x30e3	ORIGIN	0x30e3
0x30e4	CALLDATASIZE	0x30e4
0x30e6	ORIGIN	0x30e6
0x30ee	CALLDATALOAD	0x30ee
0x30ef	ORIGIN	0x30ef
0x30f0	CALLDATASIZE	0x30f0
0x30f2	ORIGIN	0x30f2
0x30f6	CALLDATASIZE	0x30f6
0x30fa	ORIGIN	0x30fa
0x3100	CALLDATALOAD	0x3100
0x3101	CALLDATALOAD	0x3101
0x3102	CALLDATALOAD	0x3102
0x3105	ORIGIN	0x3105
0x3107	CALLER	0x3107
0x3131	CALLDATASIZE	0x3131
0x3133	CALLVALUE	0x3133
0x3135	CALLER	0x3135
0x315f	CALLDATASIZE	0x315f
0x3175	ORIGIN	0x3175
0x3183	CALLDATALOAD	0x3183
0x3184	ORIGIN	0x3184
0x318a	CALLDATASIZE	0x318a
0x318b	CALLER	0x318b
0x3191	CALLDATASIZE	0x3191
0x3192	ORIGIN	0x3192
0x319c	ORIGIN	0x319c
0x319d	CALLER	0x319d
0x31a3	CALLVALUE	0x31a3
0x31a4	CALLDATASIZE	0x31a4
0x31a6	CALLVALUE	0x31a6
0x31a8	CALLDATALOAD	0x31a8
0x31ad	ORIGIN	0x31ad
0x31b0	CALLDATALOAD	0x31b0
0x31b1	ORIGIN	0x31b1
0x31b2	CALLDATASIZE	0x31b2
0x31b4	ORIGIN	0x31b4
0x31ba	CALLDATALOAD	0x31ba
0x31bc	CALLDATALOAD	0x31bc
0x31be	CALLDATASIZE	0x31be
0x31c0	CALLVALUE	0x31c0
0x31c2	CALLDATALOAD	0x31c2
0x31c9	CALLER	0x31c9
0x31d4	CALLDATALOAD	0x31d4
0x31d7	CALLER	0x31d7
0x31d9	ORIGIN	0x31d9
0x31da	CALLDATALOAD	0x31da
0x31dc	CALLDATALOAD	0x31dc
0x31de	CALLDATALOAD	0x31de
0x31e0	CALLDATALOAD	0x31e0
0x31e1	CALLDATASIZE	0x31e1
0x31e2	CALLDATALOAD	0x31e2
0x31ea	CALLDATASIZE	0x31ea
0x31ed	ORIGIN	0x31ed
0x31ee	CALLDATASIZE	0x31ee
0x31f2	CALLER	0x31f2
0x31f3	CALLER	0x31f3
0x31f5	CALLER	0x31f5
0x321f	CALLDATASIZE	0x321f
0x3221	CALLER	0x3221
0x324b	CALLDATASIZE	0x324b
0x324e	CALLDATALOAD	0x324e
0x324f	ORIGIN	0x324f
0x3250	CALLDATASIZE	0x3250
0x3252	ORIGIN	0x3252
0x325a	CALLDATALOAD	0x325a
0x325b	ORIGIN	0x325b
0x325c	CALLDATASIZE	0x325c
0x325e	ORIGIN	0x325e
0x3262	CALLDATASIZE	0x3262
0x3266	ORIGIN	0x3266
0x3268	CALLDATASIZE	0x3268
0x326d	CALLDATALOAD	0x326d
0x326f	CALLER	0x326f
0x3299	CALLDATASIZE	0x3299
0x329b	CALLER	0x329b
0x32c5	CALLDATASIZE	0x32c5
0x32c8	CALLDATALOAD	0x32c8
0x32c9	ORIGIN	0x32c9
0x32ca	CALLDATASIZE	0x32ca
0x32cc	ORIGIN	0x32cc
0x32d4	CALLDATALOAD	0x32d4
0x32d5	ORIGIN	0x32d5
0x32d6	CALLDATASIZE	0x32d6
0x32d8	ORIGIN	0x32d8
0x32dc	CALLDATASIZE	0x32dc
0x32e0	ORIGIN	0x32e0
0x32e2	CALLDATALOAD	0x32e2
0x32e3	CALLVALUE	0x32e3
0x32e6	CALLDATALOAD	0x32e6
0x32eb	CALLER	0x32eb
0x32ef	CALLDATALOAD	0x32ef
0x32f0	CALLDATASIZE	0x32f0
0x32f6	CALLDATALOAD	0x32f6
0x32f8	CALLDATASIZE	0x32f8
0x32fc	CALLDATASIZE	0x32fc
0x32ff	ORIGIN	0x32ff
0x3300	CALLDATASIZE	0x3300
0x3304	CALLER	0x3304
0x3305	CALLER	0x3305
0x3307	CALLER	0x3307
0x3331	CALLDATASIZE	0x3331
0x3333	CALLER	0x3333
0x335d	CALLDATASIZE	0x335d
0x3360	CALLDATALOAD	0x3360
0x3361	ORIGIN	0x3361
0x3362	CALLDATASIZE	0x3362
0x3364	ORIGIN	0x3364
0x336c	CALLDATALOAD	0x336c
0x336d	ORIGIN	0x336d
0x336e	CALLDATASIZE	0x336e
0x3370	ORIGIN	0x3370
0x3374	CALLDATASIZE	0x3374
0x3378	ORIGIN	0x3378
0x337a	CALLDATASIZE	0x337a
0x337f	CALLDATASIZE	0x337f
0x3381	CALLER	0x3381
0x33ab	CALLDATASIZE	0x33ab
0x33ad	CALLER	0x33ad
0x33d7	CALLDATASIZE	0x33d7
0x33da	CALLDATALOAD	0x33da
0x33db	ORIGIN	0x33db
0x33dc	CALLDATASIZE	0x33dc
0x33de	ORIGIN	0x33de
0x33e6	CALLDATALOAD	0x33e6
0x33e7	ORIGIN	0x33e7
0x33e8	CALLDATASIZE	0x33e8
0x33ea	ORIGIN	0x33ea
0x33ee	CALLDATASIZE	0x33ee
0x33f2	ORIGIN	0x33f2
0x33f8	CALLDATALOAD	0x33f8
0x33f9	CALLDATALOAD	0x33f9
0x33fa	CALLDATALOAD	0x33fa
0x33fc	CALLDATASIZE	0x33fc
0x3402	CALLDATALOAD	0x3402
0x3403	CALLDATASIZE	0x3403
0x3404	CALLDATALOAD	0x3404
0x340d	CALLER	0x340d
0x340f	ORIGIN	0x340f
0x3410	CALLDATASIZE	0x3410
0x341c	CALLDATASIZE	0x341c
0x341d	CALLER	0x341d
0x3427	CALLDATASIZE	0x3427
0x3428	CALLDATALOAD	0x3428
0x3429	CALLDATASIZE	0x3429
0x342a	CALLDATALOAD	0x342a
0x342f	ORIGIN	0x342f
0x3430	CALLDATASIZE	0x3430
0x3434	CALLER	0x3434
0x3435	CALLER	0x3435
0x3437	CALLER	0x3437
0x3461	CALLDATASIZE	0x3461
0x3463	CALLER	0x3463
0x348d	CALLDATASIZE	0x348d
0x3490	CALLDATALOAD	0x3490
0x3491	ORIGIN	0x3491
0x3492	CALLDATASIZE	0x3492
0x3494	ORIGIN	0x3494
0x349c	CALLDATALOAD	0x349c
0x349d	ORIGIN	0x349d
0x349e	CALLDATASIZE	0x349e
0x34a0	ORIGIN	0x34a0
0x34a4	CALLDATASIZE	0x34a4
0x34a8	ORIGIN	0x34a8
0x34aa	CALLDATASIZE	0x34aa
0x34af	CALLDATASIZE	0x34af
0x34b1	CALLER	0x34b1
0x34db	CALLDATASIZE	0x34db
0x34dd	CALLER	0x34dd
0x3507	CALLDATASIZE	0x3507
0x350a	CALLDATALOAD	0x350a
0x350b	ORIGIN	0x350b
0x350c	CALLDATASIZE	0x350c
0x350e	ORIGIN	0x350e
0x3516	CALLDATALOAD	0x3516
0x3517	ORIGIN	0x3517
0x3518	CALLDATASIZE	0x3518
0x351a	ORIGIN	0x351a
0x351e	CALLDATASIZE	0x351e
0x3522	ORIGIN	0x3522
0x3528	CALLDATALOAD	0x3528
0x3529	CALLDATALOAD	0x3529
0x352a	CALLDATALOAD	0x352a
0x352c	CALLDATALOAD	0x352c
0x3531	CALLER	0x3531
0x355b	CALLDATASIZE	0x355b
0x355c	CALLER	0x355c
0x355d	CALLER	0x355d
0x355f	CALLER	0x355f
0x3589	CALLDATASIZE	0x3589
0x3593	CALLDATALOAD	0x3593
0x35af	CALLER	0x35af
0x35b1	CALLVALUE	0x35b1
0x35b7	ORIGIN	0x35b7
0x35b8	ORIGIN	0x35b8
0x35c7	CALLER	0x35c7
0x35cc	CALLDATASIZE	0x35cc
0x35cf	ORIGIN	0x35cf
0x35d0	CALLDATASIZE	0x35d0
0x35d4	CALLER	0x35d4
0x35d5	CALLER	0x35d5
0x35d7	CALLER	0x35d7
0x3601	CALLDATASIZE	0x3601
0x3603	CALLER	0x3603
0x362d	CALLDATASIZE	0x362d
0x3630	CALLDATALOAD	0x3630
0x3631	ORIGIN	0x3631
0x3632	CALLDATASIZE	0x3632
0x3634	ORIGIN	0x3634
0x363c	CALLDATALOAD	0x363c
0x363d	ORIGIN	0x363d
0x363e	CALLDATASIZE	0x363e
0x3640	ORIGIN	0x3640
0x3644	CALLDATASIZE	0x3644
0x3648	ORIGIN	0x3648
0x364a	CALLDATASIZE	0x364a
0x3651	CALLER	0x3651
0x367b	CALLDATASIZE	0x367b
0x367d	CALLER	0x367d
0x36a7	CALLDATASIZE	0x36a7
0x36aa	CALLDATALOAD	0x36aa
0x36ab	ORIGIN	0x36ab
0x36ac	CALLDATASIZE	0x36ac
0x36ae	ORIGIN	0x36ae
0x36b6	CALLDATALOAD	0x36b6
0x36b7	ORIGIN	0x36b7
0x36b8	CALLDATASIZE	0x36b8
0x36ba	ORIGIN	0x36ba
0x36be	CALLDATASIZE	0x36be
0x36c2	ORIGIN	0x36c2
0x36c4	CALLDATALOAD	0x36c4
0x36c5	CALLVALUE	0x36c5
0x36c6	CALLDATASIZE	0x36c6
0x36c8	CALLVALUE	0x36c8
0x36ca	CALLDATALOAD	0x36ca
0x36cf	ORIGIN	0x36cf
0x36d2	CALLDATALOAD	0x36d2
0x36d3	ORIGIN	0x36d3
0x36d4	CALLDATASIZE	0x36d4
0x36d6	ORIGIN	0x36d6
0x36dc	CALLDATALOAD	0x36dc
0x36de	CALLDATALOAD	0x36de
0x36e0	CALLDATASIZE	0x36e0
0x36e2	CALLVALUE	0x36e2
0x36e4	CALLDATALOAD	0x36e4
0x36eb	CALLER	0x36eb
0x36f6	CALLDATALOAD	0x36f6
0x36f8	CALLDATALOAD	0x36f8
0x36fb	ORIGIN	0x36fb
0x36fe	CALLDATALOAD	0x36fe
0x3700	CALLDATALOAD	0x3700
0x3702	CALLDATALOAD	0x3702
0x3703	CALLDATASIZE	0x3703
0x3704	CALLDATALOAD	0x3704
0x370d	CALLER	0x370d
0x3737	CALLDATASIZE	0x3737
0x3739	CALLER	0x3739
0x373b	CALLER	0x373b
0x3765	CALLDATASIZE	0x3765
0x3767	CALLVALUE	0x3767
0x3769	CALLDATALOAD	0x3769
0x376b	CALLDATALOAD	0x376b
0x376d	CALLDATALOAD	0x376d
0x376e	CALLDATASIZE	0x376e
0x3776	CALLDATASIZE	0x3776
0x3786	CALLER	0x3786
0x3787	CALLER	0x3787
0x3789	CALLER	0x3789
0x37b3	CALLDATASIZE	0x37b3
0x37b5	CALLER	0x37b5
0x37df	CALLDATASIZE	0x37df
0x37e2	CALLDATALOAD	0x37e2
0x37e3	ORIGIN	0x37e3
0x37e4	CALLDATASIZE	0x37e4
0x37e6	ORIGIN	0x37e6
0x37ee	CALLDATALOAD	0x37ee
0x37ef	ORIGIN	0x37ef
0x37f0	CALLDATASIZE	0x37f0
0x37f2	ORIGIN	0x37f2
0x37f6	CALLDATASIZE	0x37f6
0x37fa	ORIGIN	0x37fa
0x37fc	CALLDATALOAD	0x37fc
0x37fd	CALLVALUE	0x37fd
0x37ff	ORIGIN	0x37ff
0x3803	CALLDATALOAD	0x3803
0x3805	CALLDATALOAD	0x3805
0x3807	CALLDATALOAD	0x3807
0x3808	CALLDATASIZE	0x3808
0x3810	CALLDATASIZE	0x3810
0x381e	CALLDATALOAD	0x381e
0x3828	CALLER	0x3828
0x3829	CALLER	0x3829
0x382b	CALLER	0x382b
0x3855	CALLDATASIZE	0x3855
0x3857	CALLER	0x3857
0x3881	CALLDATASIZE	0x3881
0x3884	CALLDATALOAD	0x3884
0x3885	ORIGIN	0x3885
0x3886	CALLDATASIZE	0x3886
0x3888	ORIGIN	0x3888
0x3890	CALLDATALOAD	0x3890
0x3891	ORIGIN	0x3891
0x3892	CALLDATASIZE	0x3892
0x3894	ORIGIN	0x3894
0x3898	CALLDATASIZE	0x3898
0x389c	ORIGIN	0x389c
0x389e	CALLDATALOAD	0x389e
0x389f	CALLVALUE	0x389f
0x38a0	CALLDATASIZE	0x38a0
0x38ac	CALLDATASIZE	0x38ac
0x38ad	CALLER	0x38ad
0x38b7	CALLDATASIZE	0x38b7
0x38b8	CALLDATALOAD	0x38b8
0x38b9	CALLDATASIZE	0x38b9
0x38ba	CALLDATALOAD	0x38ba
0x38c2	CALLER	0x38c2
0x38c3	CALLER	0x38c3
0x38c5	CALLER	0x38c5
0x38ef	CALLDATASIZE	0x38ef
0x38f1	CALLER	0x38f1
0x391b	CALLDATASIZE	0x391b
0x391e	CALLDATALOAD	0x391e
0x391f	ORIGIN	0x391f
0x3920	CALLDATASIZE	0x3920
0x3922	ORIGIN	0x3922
0x392a	CALLDATALOAD	0x392a
0x392b	ORIGIN	0x392b
0x392c	CALLDATASIZE	0x392c
0x392e	ORIGIN	0x392e
0x3932	CALLDATASIZE	0x3932
0x3936	ORIGIN	0x3936
0x393c	CALLDATALOAD	0x393c
0x393d	CALLDATALOAD	0x393d
0x393e	CALLDATALOAD	0x393e
0x3940	CALLDATASIZE	0x3940
0x3948	CALLDATASIZE	0x3948
0x394f	CALLDATASIZE	0x394f
0x3951	CALLER	0x3951
0x397b	CALLDATASIZE	0x397b
0x397d	CALLER	0x397d
0x39a7	CALLDATASIZE	0x39a7
0x39aa	CALLDATALOAD	0x39aa
0x39ab	ORIGIN	0x39ab
0x39ac	CALLDATASIZE	0x39ac
0x39ae	ORIGIN	0x39ae
0x39b6	CALLDATALOAD	0x39b6
0x39b7	ORIGIN	0x39b7
0x39b8	CALLDATASIZE	0x39b8
0x39ba	ORIGIN	0x39ba
0x39be	CALLDATASIZE	0x39be
0x39c2	ORIGIN	0x39c2
0x39c4	CALLDATALOAD	0x39c4
0x39c5	CALLVALUE	0x39c5
0x39c6	CALLDATASIZE	0x39c6
0x39d2	CALLDATASIZE	0x39d2
0x39d3	CALLER	0x39d3
0x39dd	CALLDATASIZE	0x39dd
0x39de	CALLDATALOAD	0x39de
0x39df	CALLDATASIZE	0x39df
0x39e0	CALLDATALOAD	0x39e0
0x39e9	CALLDATALOAD	0x39e9
0x39eb	CALLER	0x39eb
0x3a15	CALLDATASIZE	0x3a15
0x3a17	CALLER	0x3a17
0x3a41	CALLDATASIZE	0x3a41
0x3a44	CALLDATALOAD	0x3a44
0x3a45	ORIGIN	0x3a45
0x3a46	CALLDATASIZE	0x3a46
0x3a48	ORIGIN	0x3a48
0x3a50	CALLDATALOAD	0x3a50
0x3a51	ORIGIN	0x3a51
0x3a52	CALLDATASIZE	0x3a52
0x3a54	ORIGIN	0x3a54
0x3a58	CALLDATASIZE	0x3a58
0x3a5c	ORIGIN	0x3a5c
0x3a62	CALLDATALOAD	0x3a62
0x3a63	CALLDATALOAD	0x3a63
0x3a64	CALLDATALOAD	0x3a64
0x3a67	ORIGIN	0x3a67
0x3a69	CALLER	0x3a69
0x3a93	CALLDATASIZE	0x3a93
0x3a94	CALLER	0x3a94
0x3a95	CALLER	0x3a95
0x3a97	CALLER	0x3a97
0x3ac1	CALLDATASIZE	0x3ac1
0x3ad7	ORIGIN	0x3ad7
0x3ae5	CALLDATALOAD	0x3ae5
0x3ae6	ORIGIN	0x3ae6
0x3aec	CALLDATASIZE	0x3aec
0x3aed	CALLER	0x3aed
0x3af3	CALLDATASIZE	0x3af3
0x3af4	ORIGIN	0x3af4
0x3afe	ORIGIN	0x3afe
0x3aff	CALLER	0x3aff
0x3b05	CALLVALUE	0x3b05
0x3b06	CALLDATASIZE	0x3b06
0x3b08	CALLVALUE	0x3b08
0x3b0a	CALLDATALOAD	0x3b0a
0x3b0f	ORIGIN	0x3b0f
0x3b12	CALLDATALOAD	0x3b12
0x3b13	ORIGIN	0x3b13
0x3b14	CALLDATASIZE	0x3b14
0x3b16	ORIGIN	0x3b16
0x3b1c	CALLDATALOAD	0x3b1c
0x3b1e	CALLDATALOAD	0x3b1e
0x3b20	CALLDATASIZE	0x3b20
0x3b22	CALLVALUE	0x3b22
0x3b24	CALLDATALOAD	0x3b24
0x3b2b	CALLER	0x3b2b
0x3b36	CALLDATALOAD	0x3b36
0x3b39	ORIGIN	0x3b39
0x3b3c	CALLDATALOAD	0x3b3c
0x3b3e	CALLDATALOAD	0x3b3e
0x3b40	CALLDATALOAD	0x3b40
0x3b41	CALLDATASIZE	0x3b41
0x3b42	CALLDATALOAD	0x3b42
0x3b48	CALLDATASIZE	0x3b48
0x3b53	ORIGIN	0x3b53
0x3b54	CALLDATASIZE	0x3b54
0x3b58	CALLER	0x3b58
0x3b59	CALLER	0x3b59
0x3b5b	CALLER	0x3b5b
0x3b85	CALLDATASIZE	0x3b85
0x3b87	CALLER	0x3b87
0x3bb1	CALLDATASIZE	0x3bb1
0x3bb4	CALLDATALOAD	0x3bb4
0x3bb5	ORIGIN	0x3bb5
0x3bb6	CALLDATASIZE	0x3bb6
0x3bb8	ORIGIN	0x3bb8
0x3bc0	CALLDATALOAD	0x3bc0
0x3bc1	ORIGIN	0x3bc1
0x3bc2	CALLDATASIZE	0x3bc2
0x3bc4	ORIGIN	0x3bc4
0x3bc8	CALLDATASIZE	0x3bc8
0x3bcc	ORIGIN	0x3bcc
0x3bce	CALLDATASIZE	0x3bce
0x3bd3	CALLDATASIZE	0x3bd3
0x3bd5	CALLER	0x3bd5
0x3bff	CALLDATASIZE	0x3bff
0x3c01	CALLER	0x3c01
0x3c2b	CALLDATASIZE	0x3c2b
0x3c2e	CALLDATALOAD	0x3c2e
0x3c2f	ORIGIN	0x3c2f
0x3c30	CALLDATASIZE	0x3c30
0x3c32	ORIGIN	0x3c32
0x3c3a	CALLDATALOAD	0x3c3a
0x3c3b	ORIGIN	0x3c3b
0x3c3c	CALLDATASIZE	0x3c3c
0x3c3e	ORIGIN	0x3c3e
0x3c42	CALLDATASIZE	0x3c42
0x3c46	ORIGIN	0x3c46
0x3c48	CALLDATALOAD	0x3c48
0x3c49	CALLVALUE	0x3c49
0x3c4a	CALLDATASIZE	0x3c4a
0x3c56	CALLDATASIZE	0x3c56
0x3c57	CALLER	0x3c57
0x3c61	CALLDATASIZE	0x3c61
0x3c62	CALLDATALOAD	0x3c62
0x3c63	CALLDATASIZE	0x3c63
0x3c64	CALLDATALOAD	0x3c64
0x3c69	ORIGIN	0x3c69
0x3c6a	CALLDATASIZE	0x3c6a
0x3c6e	CALLER	0x3c6e
0x3c6f	CALLER	0x3c6f
0x3c71	CALLER	0x3c71
0x3c9b	CALLDATASIZE	0x3c9b
0x3c9d	CALLER	0x3c9d
0x3cc7	CALLDATASIZE	0x3cc7
0x3cca	CALLDATALOAD	0x3cca
0x3ccb	ORIGIN	0x3ccb
0x3ccc	CALLDATASIZE	0x3ccc
0x3cce	ORIGIN	0x3cce
0x3cd6	CALLDATALOAD	0x3cd6
0x3cd7	ORIGIN	0x3cd7
0x3cd8	CALLDATASIZE	0x3cd8
0x3cda	ORIGIN	0x3cda
0x3cde	CALLDATASIZE	0x3cde
0x3ce2	ORIGIN	0x3ce2
0x3ce4	CALLDATASIZE	0x3ce4
0x3ce9	CALLDATALOAD	0x3ce9
0x3ceb	CALLER	0x3ceb
0x3d15	CALLDATASIZE	0x3d15
0x3d17	CALLER	0x3d17
0x3d41	CALLDATASIZE	0x3d41
0x3d44	CALLDATALOAD	0x3d44
0x3d45	ORIGIN	0x3d45
0x3d46	CALLDATASIZE	0x3d46
0x3d48	ORIGIN	0x3d48
0x3d50	CALLDATALOAD	0x3d50
0x3d51	ORIGIN	0x3d51
0x3d52	CALLDATASIZE	0x3d52
0x3d54	ORIGIN	0x3d54
0x3d58	CALLDATASIZE	0x3d58
0x3d5c	ORIGIN	0x3d5c
0x3d62	CALLDATALOAD	0x3d62
0x3d63	CALLDATALOAD	0x3d63
0x3d64	CALLDATALOAD	0x3d64
0x3d67	ORIGIN	0x3d67
0x3d69	CALLER	0x3d69
0x3d93	CALLDATASIZE	0x3d93
0x3d94	CALLER	0x3d94
0x3d95	CALLER	0x3d95
0x3d97	CALLER	0x3d97
0x3dc1	CALLDATASIZE	0x3dc1
0x3dcb	CALLDATALOAD	0x3dcb
0x3de7	CALLER	0x3de7
0x3de9	CALLVALUE	0x3de9
0x3def	ORIGIN	0x3def
0x3df0	ORIGIN	0x3df0
0x3dff	CALLER	0x3dff
0x3e04	CALLDATASIZE	0x3e04
0x3e07	ORIGIN	0x3e07
0x3e08	CALLDATASIZE	0x3e08
0x3e0c	CALLER	0x3e0c
0x3e0d	CALLER	0x3e0d
0x3e0f	CALLER	0x3e0f
0x3e39	CALLDATASIZE	0x3e39
0x3e3b	CALLER	0x3e3b
0x3e65	CALLDATASIZE	0x3e65
0x3e68	CALLDATALOAD	0x3e68
0x3e69	ORIGIN	0x3e69
0x3e6a	CALLDATASIZE	0x3e6a
0x3e6c	ORIGIN	0x3e6c
0x3e74	CALLDATALOAD	0x3e74
0x3e75	ORIGIN	0x3e75
0x3e76	CALLDATASIZE	0x3e76
0x3e78	ORIGIN	0x3e78
0x3e7c	CALLDATASIZE	0x3e7c
0x3e80	ORIGIN	0x3e80
0x3e82	CALLDATASIZE	0x3e82
0x3e89	CALLER	0x3e89
0x3eb3	CALLDATASIZE	0x3eb3
0x3eb5	CALLER	0x3eb5
0x3edf	CALLDATASIZE	0x3edf
0x3ee2	CALLDATALOAD	0x3ee2
0x3ee3	ORIGIN	0x3ee3
0x3ee4	CALLDATASIZE	0x3ee4
0x3ee6	ORIGIN	0x3ee6
0x3eee	CALLDATALOAD	0x3eee
0x3eef	ORIGIN	0x3eef
0x3ef0	CALLDATASIZE	0x3ef0
0x3ef2	ORIGIN	0x3ef2
0x3ef6	CALLDATASIZE	0x3ef6
0x3efa	ORIGIN	0x3efa
0x3efc	CALLDATALOAD	0x3efc
0x3efd	CALLVALUE	0x3efd
0x3efe	CALLDATASIZE	0x3efe
0x3f00	CALLVALUE	0x3f00
0x3f02	CALLDATALOAD	0x3f02
0x3f07	ORIGIN	0x3f07
0x3f0a	CALLDATALOAD	0x3f0a
0x3f0b	ORIGIN	0x3f0b
0x3f0c	CALLDATASIZE	0x3f0c
0x3f0e	ORIGIN	0x3f0e
0x3f14	CALLDATALOAD	0x3f14
0x3f16	CALLDATALOAD	0x3f16
0x3f18	CALLDATASIZE	0x3f18
0x3f1a	CALLVALUE	0x3f1a
0x3f1c	CALLDATALOAD	0x3f1c
0x3f23	CALLER	0x3f23
0x3f2e	CALLDATALOAD	0x3f2e
0x3f31	ORIGIN	0x3f31
0x3f34	CALLDATALOAD	0x3f34
0x3f36	CALLDATALOAD	0x3f36
0x3f38	CALLDATALOAD	0x3f38
0x3f39	CALLDATASIZE	0x3f39
0x3f3a	CALLDATALOAD	0x3f3a
0x3f41	ORIGIN	0x3f41
0x3f43	ORIGIN	0x3f43
0x3f47	CALLDATALOAD	0x3f47
0x3f49	CALLDATALOAD	0x3f49
0x3f4b	CALLDATALOAD	0x3f4b
0x3f4c	CALLDATASIZE	0x3f4c
0x3f5b	CALLER	0x3f5b
0x3f5d	CALLER	0x3f5d
0x3f60	CALLDATALOAD	0x3f60
0x3f63	ORIGIN	0x3f63
0x3f66	CALLDATALOAD	0x3f66
0x3f68	CALLDATALOAD	0x3f68
0x3f6a	CALLDATALOAD	0x3f6a
0x3f6b	CALLDATASIZE	0x3f6b
0x3f6c	CALLDATALOAD	0x3f6c
0x3f75	CALLER	0x3f75
0x3f7a	CALLDATALOAD	0x3f7a
0x3f7d	ORIGIN	0x3f7d
0x3f83	CALLDATALOAD	0x3f83
0x3f85	CALLDATALOAD	0x3f85
0x3f87	CALLDATALOAD	0x3f87
0x3f88	CALLDATASIZE	0x3f88
0x3f98	CALLDATALOAD	0x3f98
0x3f9b	ORIGIN	0x3f9b
0x3f9e	CALLDATALOAD	0x3f9e
0x3fa0	CALLDATALOAD	0x3fa0
0x3fa2	CALLDATALOAD	0x3fa2
0x3fa3	CALLDATASIZE	0x3fa3
0x3fa9	CALLDATALOAD	0x3fa9
0x3faa	CALLDATASIZE	0x3faa
0x3fab	ORIGIN	0x3fab
0x3fb1	ORIGIN	0x3fb1
0x3fb2	CALLER	0x3fb2
0x3fb4	CALLDATALOAD	0x3fb4
0x3fb6	ORIGIN	0x3fb6
0x3fb8	ORIGIN	0x3fb8
0x3fc2	ORIGIN	0x3fc2
0x3fc3	ORIGIN	0x3fc3
0x3fcf	ORIGIN	0x3fcf
0x3fd2	CALLDATASIZE	0x3fd2
0x3fd3	CALLDATASIZE	0x3fd3
0x3fd8	CALLVALUE	0x3fd8
