0xff	ORIGIN	0xff
0x0	CALLDATASIZE	0x0
0x60	CALLDATASIZE	0x60
0x4	CALLDATASIZE	0x4
0x6	CALLVALUE	0x6
0x8	CALLDATALOAD	0x8
0x9	ORIGIN	0x9
0xa	CALLDATASIZE	0xa
0xd	CALLVALUE	0xd
0xe	CALLER	0xe
0xf	CALLDATASIZE	0xf
0x12	CALLDATASIZE	0x12
0x64	CALLER	0x64
0x65	CALLDATALOAD	0x65
0x67	CALLVALUE	0x67
0x69	CALLDATASIZE	0x69
0x6a	CALLDATASIZE	0x6a
0x6b	CALLER	0x6b
0x6d	CALLDATASIZE	0x6d
0x77	CALLVALUE	0x77
0x78	CALLDATASIZE	0x78
0x83	CALLER	0x83
0x86	CALLDATALOAD	0x86
0x8e	CALLDATASIZE	0x8e
0x93	CALLVALUE	0x93
0x94	CALLDATALOAD	0x94
0x98	CALLDATASIZE	0x98
0x99	CALLER	0x99
0x9d	CALLDATASIZE	0x9d
0xae	CALLDATASIZE	0xae
0xaf	CALLER	0xaf
0xb0	ORIGIN	0xb0
0xb1	CALLER	0xb1
0xc4	CALLDATASIZE	0xc4
0xc5	CALLER	0xc5
0xc6	ORIGIN	0xc6
0xcf	CALLVALUE	0xcf
0xd0	CALLDATASIZE	0xd0
0xdc	CALLER	0xdc
0xde	CALLER	0xde
0xe5	CALLVALUE	0xe5
0xe6	CALLDATASIZE	0xe6
0xe9	ORIGIN	0xe9
0xea	ORIGIN	0xea
0xec	CALLDATALOAD	0xec
0xf0	CALLDATASIZE	0xf0
0xf1	CALLER	0xf1
0xf2	CALLER	0xf2
0xf3	ORIGIN	0xf3
0xf4	CALLDATALOAD	0xf4
0xf5	ORIGIN	0xf5
0xfb	CALLVALUE	0xfb
0xfc	CALLDATASIZE	0xfc
0x100	CALLDATALOAD	0x100
0x101	ORIGIN	0x101
0x102	CALLDATALOAD	0x102
0x106	CALLDATASIZE	0x106
0x107	CALLER	0x107
0x108	CALLDATASIZE	0x108
0x109	CALLDATASIZE	0x109
0x10d	CALLVALUE	0x10d
0x10e	CALLDATASIZE	0x10e
0x10f	CALLER	0x10f
0x111	CALLVALUE	0x111
0x112	CALLDATASIZE	0x112
0x115	ORIGIN	0x115
0x116	CALLDATASIZE	0x116
0x11c	CALLDATASIZE	0x11c
0x11d	CALLER	0x11d
0x11e	CALLDATASIZE	0x11e
0x11f	CALLDATASIZE	0x11f
0x120	CALLER	0x120
0x12b	ORIGIN	0x12b
0x139	ORIGIN	0x139
0x13a	CALLER	0x13a
0x13d	CALLVALUE	0x13d
0x13e	CALLDATASIZE	0x13e
0x141	ORIGIN	0x141
0x148	CALLDATASIZE	0x148
0x149	CALLER	0x149
0x14b	CALLDATALOAD	0x14b
0x153	CALLVALUE	0x153
0x154	CALLDATASIZE	0x154
0x157	ORIGIN	0x157
0x15e	CALLDATASIZE	0x15e
0x15f	CALLER	0x15f
0x163	CALLDATALOAD	0x163
0x16a	CALLDATASIZE	0x16a
0x16d	ORIGIN	0x16d
0x17c	CALLDATASIZE	0x17c
0x183	CALLER	0x183
0x185	CALLDATALOAD	0x185
0x186	CALLDATALOAD	0x186
0x18a	CALLDATASIZE	0x18a
0x18b	CALLER	0x18b
0x192	ORIGIN	0x192
0x193	CALLER	0x193
0x195	CALLVALUE	0x195
0x196	CALLDATASIZE	0x196
0x199	CALLER	0x199
0x19a	CALLER	0x19a
0x19b	CALLDATASIZE	0x19b
0x19c	CALLDATALOAD	0x19c
0x1a0	CALLDATASIZE	0x1a0
0x1a1	CALLER	0x1a1
0x1a8	CALLER	0x1a8
0x1b0	CALLDATALOAD	0x1b0
0x1b6	CALLDATASIZE	0x1b6
0x1b7	CALLER	0x1b7
0x1c1	CALLVALUE	0x1c1
0x1c2	CALLDATASIZE	0x1c2
0x1c5	CALLER	0x1c5
0x1c8	CALLDATALOAD	0x1c8
0x1ca	CALLDATALOAD	0x1ca
0x1db	CALLDATALOAD	0x1db
0x1dc	CALLDATASIZE	0x1dc
0x1fc	CALLDATALOAD	0x1fc
0x1fd	CALLDATASIZE	0x1fd
0x1fe	CALLDATALOAD	0x1fe
0x206	CALLDATALOAD	0x206
0x208	CALLDATASIZE	0x208
0x20a	ORIGIN	0x20a
0x20f	ORIGIN	0x20f
0x210	CALLDATALOAD	0x210
0x211	ORIGIN	0x211
0x213	CALLER	0x213
0x214	CALLDATALOAD	0x214
0x219	CALLER	0x219
0x21c	CALLDATALOAD	0x21c
0x21d	ORIGIN	0x21d
0x21f	CALLER	0x21f
0x220	CALLDATALOAD	0x220
0x225	ORIGIN	0x225
0x227	CALLER	0x227
0x229	ORIGIN	0x229
0x22d	CALLER	0x22d
0x233	CALLDATALOAD	0x233
0x23b	CALLER	0x23b
0x23d	CALLER	0x23d
0x23e	CALLDATASIZE	0x23e
0x242	CALLDATALOAD	0x242
0x24b	CALLDATALOAD	0x24b
0x24c	CALLDATASIZE	0x24c
0x250	CALLER	0x250
0x252	CALLDATALOAD	0x252
0x25a	CALLDATALOAD	0x25a
0x25d	CALLER	0x25d
0x25f	ORIGIN	0x25f
0x262	CALLDATALOAD	0x262
0x263	ORIGIN	0x263
0x264	CALLDATASIZE	0x264
0x266	ORIGIN	0x266
0x26a	CALLDATASIZE	0x26a
0x26e	ORIGIN	0x26e
0x270	CALLDATALOAD	0x270
0x271	CALLDATASIZE	0x271
0x272	CALLDATALOAD	0x272
0x278	CALLDATALOAD	0x278
0x27a	CALLDATALOAD	0x27a
0x27e	CALLDATALOAD	0x27e
0x288	CALLDATASIZE	0x288
0x296	CALLDATASIZE	0x296
0x297	CALLDATASIZE	0x297
0x298	CALLDATALOAD	0x298
0x29d	ORIGIN	0x29d
0x29f	CALLER	0x29f
0x2a2	CALLDATALOAD	0x2a2
0x2a4	CALLDATASIZE	0x2a4
0x2a9	CALLER	0x2a9
0x2aa	CALLDATASIZE	0x2aa
0x2ac	ORIGIN	0x2ac
0x2af	CALLER	0x2af
0x2b0	CALLDATASIZE	0x2b0
0x2bd	CALLDATASIZE	0x2bd
0x2c0	CALLDATALOAD	0x2c0
0x2c1	ORIGIN	0x2c1
0x2c2	CALLDATASIZE	0x2c2
0x2c4	ORIGIN	0x2c4
0x2ca	CALLDATALOAD	0x2ca
0x2cc	CALLDATALOAD	0x2cc
0x2d1	ORIGIN	0x2d1
0x2d2	CALLDATALOAD	0x2d2
0x2d4	CALLDATALOAD	0x2d4
0x2d6	CALLDATALOAD	0x2d6
0x2d8	CALLDATASIZE	0x2d8
0x2da	CALLVALUE	0x2da
0x2dc	CALLDATALOAD	0x2dc
0x2e3	CALLER	0x2e3
0x2ef	CALLDATALOAD	0x2ef
0x2f0	CALLDATASIZE	0x2f0
0x2f6	CALLDATALOAD	0x2f6
0x2f8	CALLDATASIZE	0x2f8
0x30a	CALLDATASIZE	0x30a
0x30e	CALLDATASIZE	0x30e
0x315	ORIGIN	0x315
0x31a	CALLDATASIZE	0x31a
0x31d	CALLVALUE	0x31d
0x31e	CALLER	0x31e
0x31f	CALLDATALOAD	0x31f
0x321	CALLDATASIZE	0x321
0x322	CALLDATASIZE	0x322
0x324	ORIGIN	0x324
0x325	CALLVALUE	0x325
0x326	CALLER	0x326
0x327	CALLDATALOAD	0x327
0x328	CALLDATASIZE	0x328
0x32b	CALLVALUE	0x32b
0x32d	CALLVALUE	0x32d
0x32e	CALLDATALOAD	0x32e
0x32f	CALLDATASIZE	0x32f
0x330	CALLDATALOAD	0x330
0x338	CALLDATALOAD	0x338
0x33d	CALLDATALOAD	0x33d
0x33f	CALLDATALOAD	0x33f
0x341	ORIGIN	0x341
0x342	CALLDATALOAD	0x342
0x343	ORIGIN	0x343
0x344	CALLDATALOAD	0x344
0x34d	CALLER	0x34d
0x34e	CALLDATASIZE	0x34e
0x350	ORIGIN	0x350
0x35f	CALLDATALOAD	0x35f
0x360	CALLDATASIZE	0x360
0x368	CALLDATASIZE	0x368
0x37d	CALLVALUE	0x37d
0x37e	CALLDATASIZE	0x37e
0x38a	CALLDATALOAD	0x38a
0x38f	ORIGIN	0x38f
0x390	CALLDATALOAD	0x390
0x391	ORIGIN	0x391
0x392	CALLDATALOAD	0x392
0x39b	CALLER	0x39b
0x39c	CALLDATASIZE	0x39c
0x39e	ORIGIN	0x39e
0x3ad	CALLDATALOAD	0x3ad
0x3ae	CALLDATASIZE	0x3ae
0x3c8	CALLDATASIZE	0x3c8
0x3cc	CALLDATASIZE	0x3cc
0x3d3	ORIGIN	0x3d3
0x3d8	CALLDATASIZE	0x3d8
0x3db	CALLVALUE	0x3db
0x3dc	CALLER	0x3dc
0x3dd	CALLDATALOAD	0x3dd
0x3e1	CALLDATASIZE	0x3e1
0x3e4	CALLDATASIZE	0x3e4
0x3e6	ORIGIN	0x3e6
0x3e7	CALLVALUE	0x3e7
0x3e8	CALLER	0x3e8
0x3e9	CALLDATALOAD	0x3e9
0x3eb	CALLDATASIZE	0x3eb
0x3ec	CALLDATASIZE	0x3ec
0x3ee	CALLVALUE	0x3ee
0x3ef	CALLVALUE	0x3ef
0x3f0	CALLER	0x3f0
0x3f1	CALLDATALOAD	0x3f1
0x3f2	CALLDATASIZE	0x3f2
0x3f5	CALLVALUE	0x3f5
0x3f8	CALLDATALOAD	0x3f8
0x3f9	CALLDATASIZE	0x3f9
0x3fa	CALLDATALOAD	0x3fa
0x401	CALLDATALOAD	0x401
0x402	CALLDATASIZE	0x402
0x405	ORIGIN	0x405
0x408	CALLDATALOAD	0x408
0x40a	CALLDATASIZE	0x40a
0x41c	CALLDATASIZE	0x41c
0x420	CALLDATASIZE	0x420
0x427	ORIGIN	0x427
0x42c	CALLDATASIZE	0x42c
0x42f	CALLVALUE	0x42f
0x430	CALLER	0x430
0x431	CALLDATALOAD	0x431
0x433	CALLDATASIZE	0x433
0x434	CALLDATASIZE	0x434
0x436	ORIGIN	0x436
0x437	CALLVALUE	0x437
0x438	CALLER	0x438
0x439	CALLDATALOAD	0x439
0x43a	CALLDATASIZE	0x43a
0x43c	CALLVALUE	0x43c
0x43d	CALLVALUE	0x43d
0x43e	CALLER	0x43e
0x43f	CALLDATALOAD	0x43f
0x440	CALLDATASIZE	0x440
0x442	CALLDATASIZE	0x442
0x443	CALLVALUE	0x443
0x444	CALLER	0x444
0x445	CALLDATALOAD	0x445
0x446	CALLDATASIZE	0x446
0x449	CALLDATALOAD	0x449
0x451	CALLVALUE	0x451
0x455	CALLDATALOAD	0x455
0x456	CALLDATASIZE	0x456
0x459	ORIGIN	0x459
0x45a	CALLER	0x45a
0x45b	CALLER	0x45b
0x45c	CALLDATALOAD	0x45c
0x45e	CALLDATASIZE	0x45e
0x46d	ORIGIN	0x46d
0x46e	CALLER	0x46e
0x474	CALLER	0x474
0x476	CALLDATALOAD	0x476
0x477	CALLDATASIZE	0x477
0x478	CALLDATALOAD	0x478
0x480	CALLDATALOAD	0x480
0x482	CALLDATASIZE	0x482
0x48d	ORIGIN	0x48d
0x48e	CALLDATALOAD	0x48e
0x48f	ORIGIN	0x48f
0x490	CALLDATALOAD	0x490
0x499	CALLER	0x499
0x49a	CALLDATASIZE	0x49a
0x49c	ORIGIN	0x49c
0x4ab	CALLDATALOAD	0x4ab
0x4ac	CALLDATASIZE	0x4ac
0x4af	ORIGIN	0x4af
0x4b0	CALLDATALOAD	0x4b0
0x4c6	CALLDATASIZE	0x4c6
0x4c9	CALLVALUE	0x4c9
0x4ca	CALLER	0x4ca
0x4cb	CALLDATALOAD	0x4cb
0x4cc	CALLDATASIZE	0x4cc
0x4cf	CALLDATASIZE	0x4cf
0x4d0	CALLER	0x4d0
0x4d6	CALLER	0x4d6
0x4d7	CALLVALUE	0x4d7
0x4db	CALLDATALOAD	0x4db
0x4dc	CALLDATASIZE	0x4dc
0x4df	ORIGIN	0x4df
0x4e1	CALLDATASIZE	0x4e1
0x4e2	CALLDATALOAD	0x4e2
0x4e4	CALLDATASIZE	0x4e4
0x4f6	CALLDATASIZE	0x4f6
0x4fa	CALLDATASIZE	0x4fa
0x501	ORIGIN	0x501
0x506	CALLDATASIZE	0x506
0x509	CALLVALUE	0x509
0x50a	CALLER	0x50a
0x50b	CALLDATALOAD	0x50b
0x50d	CALLDATASIZE	0x50d
0x50e	CALLDATASIZE	0x50e
0x510	ORIGIN	0x510
0x511	CALLVALUE	0x511
0x512	CALLER	0x512
0x513	CALLDATALOAD	0x513
0x514	CALLDATASIZE	0x514
0x519	CALLDATASIZE	0x519
0x51a	CALLDATALOAD	0x51a
0x51b	CALLDATASIZE	0x51b
0x51c	CALLDATALOAD	0x51c
0x523	CALLDATALOAD	0x523
0x524	CALLDATASIZE	0x524
0x527	ORIGIN	0x527
0x52c	CALLDATASIZE	0x52c
0x53e	CALLDATASIZE	0x53e
0x542	CALLDATASIZE	0x542
0x549	ORIGIN	0x549
0x54e	CALLDATASIZE	0x54e
0x551	CALLVALUE	0x551
0x552	CALLER	0x552
0x553	CALLDATALOAD	0x553
0x555	CALLDATASIZE	0x555
0x556	CALLDATASIZE	0x556
0x558	ORIGIN	0x558
0x559	CALLVALUE	0x559
0x55a	CALLER	0x55a
0x55b	CALLDATALOAD	0x55b
0x55c	CALLDATASIZE	0x55c
0x55e	CALLVALUE	0x55e
0x55f	CALLVALUE	0x55f
0x560	CALLER	0x560
0x561	CALLDATALOAD	0x561
0x562	CALLDATASIZE	0x562
0x564	CALLDATASIZE	0x564
0x565	CALLVALUE	0x565
0x566	CALLER	0x566
0x567	CALLDATALOAD	0x567
0x568	CALLDATASIZE	0x568
0x56b	CALLVALUE	0x56b
0x56c	CALLER	0x56c
0x56d	CALLDATALOAD	0x56d
0x56e	CALLDATASIZE	0x56e
0x572	CALLDATASIZE	0x572
0x573	CALLDATASIZE	0x573
0x574	CALLDATALOAD	0x574
0x575	CALLDATASIZE	0x575
0x576	CALLDATALOAD	0x576
0x57d	CALLDATALOAD	0x57d
0x57e	CALLDATASIZE	0x57e
0x581	ORIGIN	0x581
0x59c	CALLDATASIZE	0x59c
0x5a3	ORIGIN	0x5a3
0x5a8	CALLDATASIZE	0x5a8
0x5ab	CALLVALUE	0x5ab
0x5ac	CALLER	0x5ac
0x5ad	CALLDATALOAD	0x5ad
0x5af	CALLDATASIZE	0x5af
0x5b0	CALLDATASIZE	0x5b0
0x5ba	CALLER	0x5ba
0x5bb	CALLVALUE	0x5bb
0x5bf	CALLDATALOAD	0x5bf
0x5c0	CALLDATASIZE	0x5c0
0x5c3	ORIGIN	0x5c3
0x5e0	CALLDATALOAD	0x5e0
0x5e1	CALLDATASIZE	0x5e1
0x5e2	CALLDATALOAD	0x5e2
0x5e9	CALLDATALOAD	0x5e9
0x5ea	CALLDATASIZE	0x5ea
0x5ed	ORIGIN	0x5ed
0x604	CALLDATASIZE	0x604
0x608	CALLDATASIZE	0x608
0x60f	ORIGIN	0x60f
0x614	CALLDATASIZE	0x614
0x617	CALLVALUE	0x617
0x618	CALLER	0x618
0x619	CALLDATALOAD	0x619
0x61b	CALLDATASIZE	0x61b
0x61c	CALLDATASIZE	0x61c
0x61e	ORIGIN	0x61e
0x61f	CALLVALUE	0x61f
0x620	CALLER	0x620
0x621	CALLDATALOAD	0x621
0x622	CALLDATASIZE	0x622
0x62c	CALLER	0x62c
0x62d	CALLVALUE	0x62d
0x631	CALLDATALOAD	0x631
0x632	CALLDATASIZE	0x632
0x635	CALLER	0x635
0x636	ORIGIN	0x636
0x638	CALLDATALOAD	0x638
0x63a	CALLDATASIZE	0x63a
0x64c	CALLDATASIZE	0x64c
0x650	CALLDATASIZE	0x650
0x657	ORIGIN	0x657
0x65c	CALLDATASIZE	0x65c
0x65f	CALLVALUE	0x65f
0x660	CALLER	0x660
0x661	CALLDATALOAD	0x661
0x663	CALLDATASIZE	0x663
0x664	CALLDATASIZE	0x664
0x66f	CALLVALUE	0x66f
0x673	CALLDATALOAD	0x673
0x674	CALLDATASIZE	0x674
0x677	CALLER	0x677
0x678	CALLVALUE	0x678
0x679	ORIGIN	0x679
0x67a	CALLDATALOAD	0x67a
0x67c	CALLDATASIZE	0x67c
0x68e	CALLDATASIZE	0x68e
0x692	CALLDATASIZE	0x692
0x699	ORIGIN	0x699
0x69e	CALLDATASIZE	0x69e
0x6a1	CALLVALUE	0x6a1
0x6a2	CALLER	0x6a2
0x6a3	CALLDATALOAD	0x6a3
0x6a5	CALLDATASIZE	0x6a5
0x6a6	CALLDATASIZE	0x6a6
0x6a8	ORIGIN	0x6a8
0x6a9	CALLVALUE	0x6a9
0x6aa	CALLER	0x6aa
0x6ab	CALLDATALOAD	0x6ab
0x6ac	CALLDATASIZE	0x6ac
0x6b1	CALLDATALOAD	0x6b1
0x6b2	CALLDATALOAD	0x6b2
0x6b3	CALLDATASIZE	0x6b3
0x6b4	CALLDATALOAD	0x6b4
0x6bb	CALLDATALOAD	0x6bb
0x6bc	CALLDATASIZE	0x6bc
0x6bf	CALLER	0x6bf
0x6c0	CALLDATASIZE	0x6c0
0x6c1	CALLDATASIZE	0x6c1
0x6c2	CALLDATALOAD	0x6c2
0x6c4	CALLDATASIZE	0x6c4
0x6da	CALLDATASIZE	0x6da
0x6e1	ORIGIN	0x6e1
0x6e6	CALLDATASIZE	0x6e6
0x6e9	CALLVALUE	0x6e9
0x6ea	CALLER	0x6ea
0x6eb	CALLDATALOAD	0x6eb
0x6ef	CALLDATASIZE	0x6ef
0x6f2	CALLDATASIZE	0x6f2
0x6f4	ORIGIN	0x6f4
0x6f5	CALLVALUE	0x6f5
0x6f6	CALLER	0x6f6
0x6f7	CALLDATALOAD	0x6f7
0x6f9	CALLDATASIZE	0x6f9
0x6fa	CALLDATASIZE	0x6fa
0x6fd	ORIGIN	0x6fd
0x6fe	ORIGIN	0x6fe
0x709	CALLDATALOAD	0x709
0x70a	CALLDATASIZE	0x70a
0x70d	CALLER	0x70d
0x721	CALLER	0x721
0x728	CALLDATASIZE	0x728
0x72f	ORIGIN	0x72f
0x734	CALLDATASIZE	0x734
0x737	CALLVALUE	0x737
0x738	CALLER	0x738
0x739	CALLDATALOAD	0x739
0x73b	CALLDATASIZE	0x73b
0x73c	CALLDATASIZE	0x73c
0x73f	ORIGIN	0x73f
0x740	CALLDATALOAD	0x740
0x742	CALLDATALOAD	0x742
0x743	CALLDATASIZE	0x743
0x744	CALLDATALOAD	0x744
0x74c	CALLDATALOAD	0x74c
0x74f	CALLDATALOAD	0x74f
0x751	CALLDATASIZE	0x751
0x752	CALLDATALOAD	0x752
0x753	ORIGIN	0x753
0x754	CALLDATASIZE	0x754
0x756	ORIGIN	0x756
0x759	CALLDATASIZE	0x759
0x75d	CALLVALUE	0x75d
0x761	CALLVALUE	0x761
0x762	CALLDATALOAD	0x762
0x763	ORIGIN	0x763
0x765	CALLVALUE	0x765
0x767	CALLVALUE	0x767
0x76b	ORIGIN	0x76b
0x76f	ORIGIN	0x76f
0x770	CALLDATALOAD	0x770
0x771	ORIGIN	0x771
0x772	CALLDATASIZE	0x772
0x774	CALLDATASIZE	0x774
0x777	CALLVALUE	0x777
0x77a	CALLDATALOAD	0x77a
0x77b	ORIGIN	0x77b
0x77c	CALLDATASIZE	0x77c
0x781	CALLER	0x781
0x784	CALLDATALOAD	0x784
0x785	ORIGIN	0x785
0x786	CALLDATALOAD	0x786
0x78f	CALLER	0x78f
0x790	CALLDATASIZE	0x790
0x7a2	CALLDATALOAD	0x7a2
0x7a7	ORIGIN	0x7a7
0x7ae	CALLDATALOAD	0x7ae
0x7af	ORIGIN	0x7af
0x7b0	CALLDATASIZE	0x7b0
0x7b6	CALLDATALOAD	0x7b6
0x7b7	ORIGIN	0x7b7
0x7c1	CALLVALUE	0x7c1
0x7c2	CALLDATASIZE	0x7c2
0x7fa	CALLDATASIZE	0x7fa
0x7fc	ORIGIN	0x7fc
0x7ff	ORIGIN	0x7ff
0x802	CALLDATALOAD	0x802
0x803	ORIGIN	0x803
0x806	CALLDATALOAD	0x806
0x807	CALLDATASIZE	0x807
0x808	CALLDATALOAD	0x808
0x814	CALLDATALOAD	0x814
0x815	ORIGIN	0x815
0x816	CALLDATASIZE	0x816
0x819	ORIGIN	0x819
0x81a	CALLDATASIZE	0x81a
0x81c	ORIGIN	0x81c
0x822	CALLDATALOAD	0x822
0x823	ORIGIN	0x823
0x824	CALLDATASIZE	0x824
0x826	CALLVALUE	0x826
0x82b	CALLER	0x82b
0x82c	ORIGIN	0x82c
0x82e	CALLDATASIZE	0x82e
0x832	CALLDATASIZE	0x832
0x839	ORIGIN	0x839
0x841	CALLDATASIZE	0x841
0x845	CALLDATALOAD	0x845
0x846	CALLDATALOAD	0x846
0x847	ORIGIN	0x847
0x84b	CALLER	0x84b
0x84c	CALLDATALOAD	0x84c
0x84d	ORIGIN	0x84d
0x851	CALLVALUE	0x851
0x852	ORIGIN	0x852
0x855	CALLDATASIZE	0x855
0x858	CALLDATALOAD	0x858
0x859	CALLDATALOAD	0x859
0x85c	CALLDATALOAD	0x85c
0x85f	CALLDATASIZE	0x85f
0x862	CALLDATALOAD	0x862
0x863	ORIGIN	0x863
0x866	CALLDATALOAD	0x866
0x869	CALLER	0x869
0x86b	CALLVALUE	0x86b
0x86f	CALLER	0x86f
0x873	ORIGIN	0x873
0x87d	CALLDATALOAD	0x87d
0x899	CALLER	0x899
0x89b	CALLVALUE	0x89b
0x8a1	ORIGIN	0x8a1
0x8a2	ORIGIN	0x8a2
0x8b1	CALLER	0x8b1
0x8b7	ORIGIN	0x8b7
0x8b9	ORIGIN	0x8b9
0x8bd	CALLER	0x8bd
0x8c6	CALLDATASIZE	0x8c6
0x8ca	CALLDATALOAD	0x8ca
0x8d0	CALLDATALOAD	0x8d0
0x8d2	CALLDATALOAD	0x8d2
0x8d4	CALLDATALOAD	0x8d4
0x8d5	CALLDATASIZE	0x8d5
0x8d6	CALLDATALOAD	0x8d6
0x8dc	CALLDATALOAD	0x8dc
0x8dd	CALLVALUE	0x8dd
0x8e0	CALLDATALOAD	0x8e0
0x8e1	CALLDATASIZE	0x8e1
0x8e2	CALLDATALOAD	0x8e2
0x8e8	CALLDATASIZE	0x8e8
0x8ec	CALLDATASIZE	0x8ec
0x8f3	ORIGIN	0x8f3
0x8f9	CALLER	0x8f9
0x8fb	CALLDATASIZE	0x8fb
0x8fd	CALLDATALOAD	0x8fd
0x8ff	CALLDATALOAD	0x8ff
0x900	CALLDATASIZE	0x900
0x903	CALLVALUE	0x903
0x906	CALLDATALOAD	0x906
0x908	CALLDATASIZE	0x908
0x916	CALLDATASIZE	0x916
0x91d	ORIGIN	0x91d
0x923	CALLVALUE	0x923
0x925	CALLDATASIZE	0x925
0x926	CALLDATASIZE	0x926
0x92e	CALLDATALOAD	0x92e
0x92f	ORIGIN	0x92f
0x930	CALLDATASIZE	0x930
0x932	ORIGIN	0x932
0x938	CALLDATALOAD	0x938
0x939	ORIGIN	0x939
0x93a	CALLDATASIZE	0x93a
0x93c	CALLVALUE	0x93c
0x940	ORIGIN	0x940
0x942	CALLDATALOAD	0x942
0x943	CALLVALUE	0x943
0x945	ORIGIN	0x945
0x949	CALLDATALOAD	0x949
0x94a	CALLDATASIZE	0x94a
0x94d	CALLVALUE	0x94d
0x952	CALLDATASIZE	0x952
0x960	CALLDATASIZE	0x960
0x967	ORIGIN	0x967
0x96d	CALLVALUE	0x96d
0x96f	CALLDATASIZE	0x96f
0x970	CALLDATASIZE	0x970
0x978	CALLDATALOAD	0x978
0x979	ORIGIN	0x979
0x97a	CALLDATASIZE	0x97a
0x97d	ORIGIN	0x97d
0x97e	CALLDATASIZE	0x97e
0x980	ORIGIN	0x980
0x986	CALLDATALOAD	0x986
0x987	ORIGIN	0x987
0x988	CALLDATASIZE	0x988
0x98a	CALLVALUE	0x98a
0x98f	CALLER	0x98f
0x990	ORIGIN	0x990
0x992	CALLER	0x992
0x993	CALLER	0x993
0x995	CALLVALUE	0x995
0x996	CALLDATALOAD	0x996
0x997	ORIGIN	0x997
0x99c	CALLDATALOAD	0x99c
0x99d	ORIGIN	0x99d
0x9a0	ORIGIN	0x9a0
0x9a2	CALLDATALOAD	0x9a2
0x9a3	CALLVALUE	0x9a3
0x9a5	ORIGIN	0x9a5
0x9a9	CALLDATALOAD	0x9a9
0x9aa	CALLDATASIZE	0x9aa
0x9ad	CALLVALUE	0x9ad
0x9c0	CALLDATASIZE	0x9c0
0x9c7	ORIGIN	0x9c7
0x9cd	CALLVALUE	0x9cd
0x9cf	CALLDATASIZE	0x9cf
0x9d0	CALLDATASIZE	0x9d0
0x9d8	CALLDATALOAD	0x9d8
0x9d9	ORIGIN	0x9d9
0x9da	CALLDATASIZE	0x9da
0x9dc	ORIGIN	0x9dc
0x9e2	CALLDATALOAD	0x9e2
0x9e3	ORIGIN	0x9e3
0x9e4	CALLDATASIZE	0x9e4
0x9e6	CALLVALUE	0x9e6
0x9ea	ORIGIN	0x9ea
0x9ec	CALLDATALOAD	0x9ec
0x9ed	CALLVALUE	0x9ed
0x9ee	CALLDATASIZE	0x9ee
0x9f1	CALLDATALOAD	0x9f1
0x9f3	CALLDATASIZE	0x9f3
0x9f7	CALLER	0x9f7
0x9f8	CALLDATASIZE	0x9f8
0x9f9	CALLER	0x9f9
0xa02	CALLDATASIZE	0xa02
0xa05	ORIGIN	0xa05
0xa0a	CALLDATALOAD	0xa0a
0xa0b	CALLDATASIZE	0xa0b
0xa0c	CALLDATALOAD	0xa0c
0xa12	CALLDATASIZE	0xa12
0xa19	ORIGIN	0xa19
0xa21	CALLDATASIZE	0xa21
0xa23	CALLDATASIZE	0xa23
0xa24	CALLDATASIZE	0xa24
0xa2c	CALLDATALOAD	0xa2c
0xa2d	ORIGIN	0xa2d
0xa2e	CALLDATASIZE	0xa2e
0xa30	ORIGIN	0xa30
0xa36	CALLDATALOAD	0xa36
0xa37	ORIGIN	0xa37
0xa38	CALLDATASIZE	0xa38
0xa3a	CALLVALUE	0xa3a
0xa3f	ORIGIN	0xa3f
0xa40	ORIGIN	0xa40
0xa43	CALLER	0xa43
0xa47	CALLER	0xa47
0xa48	CALLDATALOAD	0xa48
0xa49	CALLDATALOAD	0xa49
0xa4d	CALLDATALOAD	0xa4d
0xa4f	CALLDATASIZE	0xa4f
0xa52	CALLDATALOAD	0xa52
0xa53	ORIGIN	0xa53
0xa54	ORIGIN	0xa54
0xa56	CALLDATALOAD	0xa56
0xa57	CALLVALUE	0xa57
0xa58	CALLDATASIZE	0xa58
0xa5b	CALLDATALOAD	0xa5b
0xa5c	CALLER	0xa5c
0xa61	CALLER	0xa61
0xa62	CALLDATASIZE	0xa62
0xa63	CALLER	0xa63
0xa6c	CALLDATASIZE	0xa6c
0xa6f	ORIGIN	0xa6f
0xa75	CALLDATASIZE	0xa75
0xa76	CALLDATALOAD	0xa76
0xa7c	CALLDATASIZE	0xa7c
0xa83	ORIGIN	0xa83
0xa8b	CALLDATALOAD	0xa8b
0xa8d	CALLDATASIZE	0xa8d
0xa8e	CALLDATASIZE	0xa8e
0xa96	CALLDATALOAD	0xa96
0xa97	ORIGIN	0xa97
0xa98	CALLDATASIZE	0xa98
0xa9a	ORIGIN	0xa9a
0xaa0	CALLDATALOAD	0xaa0
0xaa1	ORIGIN	0xaa1
0xaa2	CALLDATASIZE	0xaa2
0xaa4	CALLVALUE	0xaa4
0xaa9	CALLER	0xaa9
0xaaa	ORIGIN	0xaaa
0xaad	CALLVALUE	0xaad
0xab1	CALLVALUE	0xab1
0xab2	CALLDATALOAD	0xab2
0xab3	CALLDATALOAD	0xab3
0xab9	CALLDATASIZE	0xab9
0xabc	CALLDATALOAD	0xabc
0xabd	ORIGIN	0xabd
0xabe	CALLDATASIZE	0xabe
0xac1	ORIGIN	0xac1
0xac3	ORIGIN	0xac3
0xac4	CALLDATALOAD	0xac4
0xac5	ORIGIN	0xac5
0xac7	ORIGIN	0xac7
0xaca	ORIGIN	0xaca
0xacc	CALLER	0xacc
0xacd	CALLER	0xacd
0xacf	ORIGIN	0xacf
0xad0	CALLDATALOAD	0xad0
0xad1	ORIGIN	0xad1
0xad6	CALLDATALOAD	0xad6
0xad7	ORIGIN	0xad7
0xad8	ORIGIN	0xad8
0xada	CALLDATALOAD	0xada
0xadb	CALLVALUE	0xadb
0xadc	CALLDATASIZE	0xadc
0xadf	CALLDATALOAD	0xadf
0xae7	CALLER	0xae7
0xaf0	CALLDATASIZE	0xaf0
0xaf3	ORIGIN	0xaf3
0xaf8	CALLDATALOAD	0xaf8
0xaf9	CALLDATASIZE	0xaf9
0xafa	CALLDATALOAD	0xafa
0xb00	CALLDATASIZE	0xb00
0xb07	ORIGIN	0xb07
0xb0f	CALLDATASIZE	0xb0f
0xb11	CALLDATASIZE	0xb11
0xb12	CALLDATASIZE	0xb12
0xb1a	CALLDATALOAD	0xb1a
0xb1b	ORIGIN	0xb1b
0xb1c	CALLDATASIZE	0xb1c
0xb1f	ORIGIN	0xb1f
0xb20	CALLDATASIZE	0xb20
0xb22	ORIGIN	0xb22
0xb28	CALLDATALOAD	0xb28
0xb29	ORIGIN	0xb29
0xb2a	CALLDATASIZE	0xb2a
0xb2c	CALLVALUE	0xb2c
0xb31	CALLER	0xb31
0xb32	ORIGIN	0xb32
0xb34	CALLER	0xb34
0xb35	CALLER	0xb35
0xb37	CALLVALUE	0xb37
0xb38	CALLDATALOAD	0xb38
0xb39	ORIGIN	0xb39
0xb3b	ORIGIN	0xb3b
0xb3c	CALLDATALOAD	0xb3c
0xb3d	ORIGIN	0xb3d
0xb41	ORIGIN	0xb41
0xb44	ORIGIN	0xb44
0xb47	CALLVALUE	0xb47
0xb4b	CALLVALUE	0xb4b
0xb4c	CALLDATALOAD	0xb4c
0xb4d	CALLDATALOAD	0xb4d
0xb50	CALLDATALOAD	0xb50
0xb53	CALLDATASIZE	0xb53
0xb56	CALLDATALOAD	0xb56
0xb57	ORIGIN	0xb57
0xb5a	CALLDATALOAD	0xb5a
0xb5d	ORIGIN	0xb5d
0xb61	CALLDATASIZE	0xb61
0xb63	CALLER	0xb63
0xb67	ORIGIN	0xb67
0xb7d	ORIGIN	0xb7d
0xb8b	CALLDATALOAD	0xb8b
0xb8c	ORIGIN	0xb8c
0xb92	CALLDATASIZE	0xb92
0xb93	CALLER	0xb93
0xb99	CALLDATASIZE	0xb99
0xb9a	ORIGIN	0xb9a
0xba4	ORIGIN	0xba4
0xba5	CALLER	0xba5
0xbab	ORIGIN	0xbab
0xbb3	CALLER	0xbb3
0xbc0	CALLDATASIZE	0xbc0
0xbc5	CALLER	0xbc5
0xbc7	ORIGIN	0xbc7
0xbc8	CALLDATALOAD	0xbc8
0xbca	CALLDATALOAD	0xbca
0xbcc	CALLDATALOAD	0xbcc
0xbce	CALLDATALOAD	0xbce
0xbcf	CALLDATASIZE	0xbcf
0xbd0	CALLDATALOAD	0xbd0
0xbd6	CALLDATASIZE	0xbd6
0xbd9	CALLDATASIZE	0xbd9
0xbda	ORIGIN	0xbda
0xbe2	CALLDATASIZE	0xbe2
0xbe5	CALLDATASIZE	0xbe5
0xbe7	CALLER	0xbe7
0xbe8	CALLDATASIZE	0xbe8
0xbeb	CALLDATASIZE	0xbeb
0xbed	CALLDATASIZE	0xbed
0xbf0	CALLDATASIZE	0xbf0
0xbf1	ORIGIN	0xbf1
0xbf2	ORIGIN	0xbf2
0xc05	ORIGIN	0xc05
0xc0c	CALLDATALOAD	0xc0c
0xc12	CALLDATASIZE	0xc12
0xc13	CALLER	0xc13
0xc1c	CALLDATASIZE	0xc1c
0xc1f	ORIGIN	0xc1f
0xc25	CALLDATASIZE	0xc25
0xc26	CALLDATALOAD	0xc26
0xc2b	CALLDATASIZE	0xc2b
0xc2c	ORIGIN	0xc2c
0xc2e	CALLDATASIZE	0xc2e
0xc31	CALLDATASIZE	0xc31
0xc33	CALLDATASIZE	0xc33
0xc36	CALLDATASIZE	0xc36
0xc37	ORIGIN	0xc37
0xc38	ORIGIN	0xc38
0xc4b	ORIGIN	0xc4b
0xc52	CALLDATALOAD	0xc52
0xc58	CALLDATASIZE	0xc58
0xc59	CALLDATASIZE	0xc59
0xc5a	CALLDATALOAD	0xc5a
0xc5b	CALLDATASIZE	0xc5b
0xc5c	CALLDATALOAD	0xc5c
0xc61	CALLVALUE	0xc61
0xc62	CALLDATALOAD	0xc62
0xc64	CALLDATALOAD	0xc64
0xc66	CALLDATALOAD	0xc66
0xc68	CALLDATALOAD	0xc68
0xc6a	CALLDATALOAD	0xc6a
0xc6c	CALLDATALOAD	0xc6c
0xc6d	CALLDATASIZE	0xc6d
0xc6e	CALLDATALOAD	0xc6e
0xc73	ORIGIN	0xc73
0xc76	CALLDATALOAD	0xc76
0xc77	CALLDATASIZE	0xc77
0xc78	CALLDATALOAD	0xc78
0xc84	CALLDATALOAD	0xc84
0xc85	ORIGIN	0xc85
0xc86	CALLDATASIZE	0xc86
0xc89	CALLER	0xc89
0xc8a	CALLDATASIZE	0xc8a
0xc8c	ORIGIN	0xc8c
0xc8e	CALLDATALOAD	0xc8e
0xc8f	ORIGIN	0xc8f
0xc90	CALLDATASIZE	0xc90
0xc92	CALLVALUE	0xc92
0xc96	ORIGIN	0xc96
0xc98	CALLDATASIZE	0xc98
0xc9b	CALLDATASIZE	0xc9b
0xc9e	CALLDATALOAD	0xc9e
0xc9f	CALLVALUE	0xc9f
0xca0	CALLDATASIZE	0xca0
0xca4	CALLDATASIZE	0xca4
0xcab	ORIGIN	0xcab
0xcb1	CALLDATASIZE	0xcb1
0xcb5	CALLDATALOAD	0xcb5
0xcb7	CALLDATALOAD	0xcb7
0xcb8	CALLDATASIZE	0xcb8
0xcbb	CALLDATASIZE	0xcbb
0xcbc	CALLDATASIZE	0xcbc
0xcbd	CALLVALUE	0xcbd
0xcbe	CALLDATALOAD	0xcbe
0xcc0	CALLDATASIZE	0xcc0
0xccf	CALLER	0xccf
0xcd2	CALLDATASIZE	0xcd2
0xcd5	CALLDATASIZE	0xcd5
0xcda	CALLDATASIZE	0xcda
0xcdc	CALLVALUE	0xcdc
0xce0	CALLDATALOAD	0xce0
0xce2	CALLDATASIZE	0xce2
0xcee	CALLVALUE	0xcee
0xcef	CALLDATASIZE	0xcef
0xcf5	ORIGIN	0xcf5
0xcf8	CALLDATALOAD	0xcf8
0xcf9	ORIGIN	0xcf9
0xcfa	CALLDATASIZE	0xcfa
0xcfc	ORIGIN	0xcfc
0xcfe	CALLDATASIZE	0xcfe
0xd01	CALLVALUE	0xd01
0xd03	ORIGIN	0xd03
0xd06	CALLDATALOAD	0xd06
0xd07	ORIGIN	0xd07
0xd08	CALLDATASIZE	0xd08
0xd0b	CALLVALUE	0xd0b
0xd0c	CALLDATASIZE	0xd0c
0xd0e	ORIGIN	0xd0e
0xd0f	CALLVALUE	0xd0f
0xd11	ORIGIN	0xd11
0xd14	CALLDATALOAD	0xd14
0xd15	ORIGIN	0xd15
0xd20	CALLDATASIZE	0xd20
0xd22	CALLDATASIZE	0xd22
0xd2a	CALLDATASIZE	0xd2a
0xd34	CALLDATASIZE	0xd34
0xd3d	ORIGIN	0xd3d
0xd3e	ORIGIN	0xd3e
0xd58	CALLDATASIZE	0xd58
0xd5a	CALLVALUE	0xd5a
0xd5b	CALLVALUE	0xd5b
0xd5d	ORIGIN	0xd5d
0xd60	CALLDATALOAD	0xd60
0xd61	ORIGIN	0xd61
0xd64	CALLDATALOAD	0xd64
0xd6d	CALLER	0xd6d
0xd6e	CALLDATASIZE	0xd6e
0xd70	CALLDATASIZE	0xd70
0xd71	CALLVALUE	0xd71
0xd84	CALLDATALOAD	0xd84
0xd85	ORIGIN	0xd85
0xd86	CALLDATASIZE	0xd86
0xd89	CALLER	0xd89
0xd8a	CALLDATASIZE	0xd8a
0xd8c	ORIGIN	0xd8c
0xd8e	CALLDATALOAD	0xd8e
0xd8f	ORIGIN	0xd8f
0xd90	CALLDATASIZE	0xd90
0xd92	CALLVALUE	0xd92
0xd96	ORIGIN	0xd96
0xd98	CALLDATALOAD	0xd98
0xd99	CALLVALUE	0xd99
0xd9c	CALLDATASIZE	0xd9c
0xda0	ORIGIN	0xda0
0xda2	CALLDATALOAD	0xda2
0xda4	CALLDATASIZE	0xda4
0xda6	CALLVALUE	0xda6
0xdaa	CALLDATALOAD	0xdaa
0xdac	CALLDATASIZE	0xdac
0xdb8	CALLVALUE	0xdb8
0xdb9	CALLDATASIZE	0xdb9
0xdbf	ORIGIN	0xdbf
0xdc2	CALLDATALOAD	0xdc2
0xdc3	ORIGIN	0xdc3
0xdc4	CALLDATASIZE	0xdc4
0xdc6	ORIGIN	0xdc6
0xdc8	CALLDATASIZE	0xdc8
0xdcb	CALLVALUE	0xdcb
0xdcd	ORIGIN	0xdcd
0xdd0	CALLDATALOAD	0xdd0
0xdd1	ORIGIN	0xdd1
0xdd2	CALLDATASIZE	0xdd2
0xdd5	ORIGIN	0xdd5
0xdd6	CALLDATASIZE	0xdd6
0xdd8	ORIGIN	0xdd8
0xdd9	CALLVALUE	0xdd9
0xddb	ORIGIN	0xddb
0xdde	CALLDATALOAD	0xdde
0xddf	ORIGIN	0xddf
0xdea	CALLDATASIZE	0xdea
0xdec	CALLDATASIZE	0xdec
0xdf4	CALLDATASIZE	0xdf4
0xdfd	CALLVALUE	0xdfd
0xdff	CALLDATALOAD	0xdff
0xe01	ORIGIN	0xe01
0xe02	CALLDATASIZE	0xe02
0xe22	CALLDATASIZE	0xe22
0xe24	CALLVALUE	0xe24
0xe25	CALLVALUE	0xe25
0xe27	ORIGIN	0xe27
0xe2a	CALLDATALOAD	0xe2a
0xe2b	ORIGIN	0xe2b
0xe2e	CALLDATALOAD	0xe2e
0xe37	CALLER	0xe37
0xe38	CALLDATASIZE	0xe38
0xe3a	CALLDATASIZE	0xe3a
0xe3b	CALLVALUE	0xe3b
0xe4e	CALLDATALOAD	0xe4e
0xe4f	ORIGIN	0xe4f
0xe50	CALLDATASIZE	0xe50
0xe53	CALLER	0xe53
0xe54	CALLDATASIZE	0xe54
0xe56	ORIGIN	0xe56
0xe58	CALLDATALOAD	0xe58
0xe59	ORIGIN	0xe59
0xe5a	CALLDATASIZE	0xe5a
0xe5c	CALLVALUE	0xe5c
0xe60	ORIGIN	0xe60
0xe62	CALLDATASIZE	0xe62
0xe6a	CALLDATALOAD	0xe6a
0xe6b	CALLVALUE	0xe6b
0xe6e	CALLDATALOAD	0xe6e
0xe6f	CALLVALUE	0xe6f
0xe70	CALLDATASIZE	0xe70
0xe74	CALLVALUE	0xe74
0xe75	CALLDATASIZE	0xe75
0xe78	CALLDATASIZE	0xe78
0xe79	CALLER	0xe79
0xe82	CALLDATASIZE	0xe82
0xe85	ORIGIN	0xe85
0xe8a	CALLDATALOAD	0xe8a
0xe8b	CALLDATASIZE	0xe8b
0xe8c	CALLDATALOAD	0xe8c
0xe93	CALLDATALOAD	0xe93
0xe94	CALLDATASIZE	0xe94
0xe9e	CALLVALUE	0xe9e
0xea2	CALLDATALOAD	0xea2
0xea4	CALLDATASIZE	0xea4
0xeb0	CALLVALUE	0xeb0
0xeb1	CALLDATASIZE	0xeb1
0xeb7	ORIGIN	0xeb7
0xeba	CALLDATALOAD	0xeba
0xebb	ORIGIN	0xebb
0xebc	CALLDATASIZE	0xebc
0xebe	ORIGIN	0xebe
0xec0	CALLDATASIZE	0xec0
0xec3	CALLVALUE	0xec3
0xec5	ORIGIN	0xec5
0xec8	CALLDATALOAD	0xec8
0xec9	ORIGIN	0xec9
0xeca	CALLDATASIZE	0xeca
0xecc	ORIGIN	0xecc
0xecd	CALLER	0xecd
0xece	CALLDATASIZE	0xece
0xed0	ORIGIN	0xed0
0xed1	CALLVALUE	0xed1
0xed3	ORIGIN	0xed3
0xed6	CALLDATALOAD	0xed6
0xed7	ORIGIN	0xed7
0xee2	CALLDATASIZE	0xee2
0xee3	CALLDATALOAD	0xee3
0xee4	CALLDATASIZE	0xee4
0xeec	CALLDATASIZE	0xeec
0xeee	ORIGIN	0xeee
0xef0	CALLDATASIZE	0xef0
0xef3	ORIGIN	0xef3
0xef4	CALLDATASIZE	0xef4
0xef6	CALLDATASIZE	0xef6
0xefe	ORIGIN	0xefe
0xf01	CALLVALUE	0xf01
0xf02	CALLDATASIZE	0xf02
0xf0d	CALLVALUE	0xf0d
0xf0e	CALLDATASIZE	0xf0e
0xf17	CALLVALUE	0xf17
0xf19	CALLDATALOAD	0xf19
0xf1a	CALLDATASIZE	0xf1a
0xf1c	CALLVALUE	0xf1c
0xf1d	CALLVALUE	0xf1d
0xf1f	ORIGIN	0xf1f
0xf22	CALLDATALOAD	0xf22
0xf23	ORIGIN	0xf23
0xf66	CALLDATASIZE	0xf66
0xf68	CALLDATASIZE	0xf68
0xf69	CALLVALUE	0xf69
0xf6b	ORIGIN	0xf6b
0xf6e	CALLDATALOAD	0xf6e
0xf6f	ORIGIN	0xf6f
0xf72	CALLDATALOAD	0xf72
0xf7b	CALLER	0xf7b
0xf7c	CALLDATASIZE	0xf7c
0xf7f	CALLVALUE	0xf7f
0xf92	CALLDATALOAD	0xf92
0xf93	ORIGIN	0xf93
0xf94	CALLDATASIZE	0xf94
0xf97	CALLER	0xf97
0xf98	CALLDATASIZE	0xf98
0xf9a	ORIGIN	0xf9a
0xf9c	CALLDATALOAD	0xf9c
0xf9d	ORIGIN	0xf9d
0xf9e	CALLDATASIZE	0xf9e
0xfa0	CALLVALUE	0xfa0
0xfa4	ORIGIN	0xfa4
0xfa6	CALLDATALOAD	0xfa6
0xfa7	CALLVALUE	0xfa7
0xfa8	CALLDATASIZE	0xfa8
0xfb3	CALLER	0xfb3
0xfbc	CALLDATASIZE	0xfbc
0xfbf	ORIGIN	0xfbf
0xfc4	CALLDATALOAD	0xfc4
0xfc5	CALLDATASIZE	0xfc5
0xfc6	CALLDATALOAD	0xfc6
0xfd2	CALLDATALOAD	0xfd2
0xfd3	ORIGIN	0xfd3
0xfd4	CALLDATASIZE	0xfd4
0xfd7	CALLER	0xfd7
0xfd8	CALLDATASIZE	0xfd8
0xfda	ORIGIN	0xfda
0xfe0	CALLDATALOAD	0xfe0
0xfe1	ORIGIN	0xfe1
0xfe2	CALLDATASIZE	0xfe2
0xfe4	CALLVALUE	0xfe4
0xfe9	CALLER	0xfe9
0xfea	ORIGIN	0xfea
0xfed	CALLER	0xfed
0xff1	CALLER	0xff1
0xff2	CALLDATALOAD	0xff2
0xff3	CALLDATALOAD	0xff3
0xff4	CALLDATASIZE	0xff4
0xff8	CALLDATASIZE	0xff8
0xfff	ORIGIN	0xfff
0x1005	CALLVALUE	0x1005
0x1007	CALLDATASIZE	0x1007
0x1009	ORIGIN	0x1009
0x100a	CALLDATALOAD	0x100a
0x100b	ORIGIN	0x100b
0x1010	CALLDATALOAD	0x1010
0x1011	ORIGIN	0x1011
0x1012	ORIGIN	0x1012
0x1014	CALLDATALOAD	0x1014
0x1015	CALLVALUE	0x1015
0x1016	CALLDATASIZE	0x1016
0x101f	CALLVALUE	0x101f
0x1020	CALLDATASIZE	0x1020
0x1021	CALLER	0x1021
0x102a	CALLDATASIZE	0x102a
0x102d	ORIGIN	0x102d
0x1033	CALLDATASIZE	0x1033
0x1034	CALLDATALOAD	0x1034
0x103a	CALLDATASIZE	0x103a
0x1041	ORIGIN	0x1041
0x1047	ORIGIN	0x1047
0x1049	CALLDATASIZE	0x1049
0x104a	CALLDATASIZE	0x104a
0x1052	CALLDATALOAD	0x1052
0x1053	ORIGIN	0x1053
0x1054	CALLDATASIZE	0x1054
0x1056	ORIGIN	0x1056
0x105c	CALLDATALOAD	0x105c
0x105d	ORIGIN	0x105d
0x105e	CALLDATASIZE	0x105e
0x1060	CALLVALUE	0x1060
0x1065	ORIGIN	0x1065
0x1068	ORIGIN	0x1068
0x106b	CALLER	0x106b
0x106f	CALLER	0x106f
0x1070	CALLDATALOAD	0x1070
0x1071	CALLDATALOAD	0x1071
0x1074	CALLDATALOAD	0x1074
0x1077	CALLDATASIZE	0x1077
0x107a	CALLDATALOAD	0x107a
0x107b	ORIGIN	0x107b
0x107e	CALLDATALOAD	0x107e
0x1083	ORIGIN	0x1083
0x1084	CALLER	0x1084
0x1085	CALLER	0x1085
0x1087	ORIGIN	0x1087
0x10b6	CALLER	0x10b6
0x10bc	CALLDATASIZE	0x10bc
0x10bd	CALLDATALOAD	0x10bd
0x10be	CALLDATALOAD	0x10be
0x10bf	CALLDATALOAD	0x10bf
0x10c4	CALLER	0x10c4
0x10d1	CALLER	0x10d1
0x10de	CALLDATASIZE	0x10de
0x10e3	ORIGIN	0x10e3
0x10e6	CALLDATALOAD	0x10e6
0x10e8	CALLDATALOAD	0x10e8
0x10ea	CALLDATALOAD	0x10ea
0x10eb	CALLDATASIZE	0x10eb
0x10ec	CALLDATALOAD	0x10ec
0x10f8	CALLDATALOAD	0x10f8
0x10f9	ORIGIN	0x10f9
0x10fa	CALLDATASIZE	0x10fa
0x10fd	ORIGIN	0x10fd
0x10fe	CALLDATASIZE	0x10fe
0x1100	ORIGIN	0x1100
0x1106	CALLDATALOAD	0x1106
0x1107	ORIGIN	0x1107
0x1108	CALLDATASIZE	0x1108
0x110a	CALLVALUE	0x110a
0x110f	CALLER	0x110f
0x1110	ORIGIN	0x1110
0x1112	CALLDATASIZE	0x1112
0x1116	CALLDATASIZE	0x1116
0x111d	ORIGIN	0x111d
0x1123	CALLDATASIZE	0x1123
0x1125	CALLDATASIZE	0x1125
0x1127	CALLVALUE	0x1127
0x1128	CALLDATALOAD	0x1128
0x1129	ORIGIN	0x1129
0x112e	CALLDATALOAD	0x112e
0x112f	ORIGIN	0x112f
0x1132	ORIGIN	0x1132
0x1134	CALLDATALOAD	0x1134
0x1135	CALLVALUE	0x1135
0x1139	CALLER	0x1139
0x113d	CALLDATALOAD	0x113d
0x113e	CALLDATASIZE	0x113e
0x1147	CALLER	0x1147
0x1148	CALLDATASIZE	0x1148
0x1150	CALLDATALOAD	0x1150
0x1151	ORIGIN	0x1151
0x1152	CALLDATASIZE	0x1152
0x1155	ORIGIN	0x1155
0x1156	CALLDATASIZE	0x1156
0x1158	ORIGIN	0x1158
0x115e	CALLDATALOAD	0x115e
0x115f	ORIGIN	0x115f
0x1160	CALLDATASIZE	0x1160
0x1162	CALLVALUE	0x1162
0x1167	CALLER	0x1167
0x1168	ORIGIN	0x1168
0x116a	CALLDATASIZE	0x116a
0x116e	CALLDATASIZE	0x116e
0x1175	ORIGIN	0x1175
0x117d	CALLDATASIZE	0x117d
0x117f	CALLVALUE	0x117f
0x1180	CALLDATALOAD	0x1180
0x1181	ORIGIN	0x1181
0x1186	CALLDATALOAD	0x1186
0x1187	ORIGIN	0x1187
0x118a	ORIGIN	0x118a
0x118c	CALLDATALOAD	0x118c
0x118d	CALLDATALOAD	0x118d
0x118e	CALLDATASIZE	0x118e
0x1194	CALLDATALOAD	0x1194
0x1195	CALLDATASIZE	0x1195
0x1196	CALLDATALOAD	0x1196
0x11a2	CALLDATASIZE	0x11a2
0x11a3	CALLER	0x11a3
0x11ac	CALLDATASIZE	0x11ac
0x11af	ORIGIN	0x11af
0x11b4	CALLDATALOAD	0x11b4
0x11b5	CALLDATASIZE	0x11b5
0x11b6	CALLDATALOAD	0x11b6
0x11c2	CALLDATALOAD	0x11c2
0x11c3	ORIGIN	0x11c3
0x11c4	CALLDATASIZE	0x11c4
0x11c7	ORIGIN	0x11c7
0x11c8	CALLDATASIZE	0x11c8
0x11ca	ORIGIN	0x11ca
0x11d0	CALLDATALOAD	0x11d0
0x11d1	ORIGIN	0x11d1
0x11d2	CALLDATASIZE	0x11d2
0x11d4	CALLVALUE	0x11d4
0x11d9	CALLER	0x11d9
0x11da	ORIGIN	0x11da
0x11dc	CALLDATASIZE	0x11dc
0x11e0	CALLDATASIZE	0x11e0
0x11e7	ORIGIN	0x11e7
0x11ef	CALLDATASIZE	0x11ef
0x11f1	CALLVALUE	0x11f1
0x11f2	CALLDATALOAD	0x11f2
0x11f3	ORIGIN	0x11f3
0x11f8	CALLDATALOAD	0x11f8
0x11f9	ORIGIN	0x11f9
0x11fc	ORIGIN	0x11fc
0x11fe	CALLDATALOAD	0x11fe
0x11ff	CALLDATALOAD	0x11ff
0x1200	CALLDATALOAD	0x1200
0x120c	CALLDATALOAD	0x120c
0x120d	ORIGIN	0x120d
0x120e	CALLDATASIZE	0x120e
0x1211	ORIGIN	0x1211
0x1212	CALLDATASIZE	0x1212
0x1214	ORIGIN	0x1214
0x121a	CALLDATALOAD	0x121a
0x121b	ORIGIN	0x121b
0x121c	CALLDATASIZE	0x121c
0x121e	CALLVALUE	0x121e
0x1223	CALLER	0x1223
0x1224	ORIGIN	0x1224
0x1226	CALLDATASIZE	0x1226
0x122a	CALLDATASIZE	0x122a
0x1231	ORIGIN	0x1231
0x1239	CALLDATASIZE	0x1239
0x123d	CALLDATALOAD	0x123d
0x123e	CALLDATALOAD	0x123e
0x123f	ORIGIN	0x123f
0x1243	CALLER	0x1243
0x1244	CALLDATALOAD	0x1244
0x1245	ORIGIN	0x1245
0x1247	ORIGIN	0x1247
0x124c	ORIGIN	0x124c
0x124e	CALLDATALOAD	0x124e
0x124f	CALLVALUE	0x124f
0x1252	CALLDATALOAD	0x1252
0x1258	CALLDATALOAD	0x1258
0x1259	ORIGIN	0x1259
0x125c	CALLDATALOAD	0x125c
0x125f	ORIGIN	0x125f
0x1261	CALLER	0x1261
0x1263	ORIGIN	0x1263
0x126d	CALLDATALOAD	0x126d
0x1289	CALLER	0x1289
0x128b	CALLVALUE	0x128b
0x1291	ORIGIN	0x1291
0x1292	ORIGIN	0x1292
0x12a1	CALLER	0x12a1
0x12a7	ORIGIN	0x12a7
0x12af	CALLER	0x12af
0x12bc	CALLDATASIZE	0x12bc
0x12c1	CALLER	0x12c1
0x12c3	ORIGIN	0x12c3
0x12c4	CALLDATALOAD	0x12c4
0x12c6	CALLDATALOAD	0x12c6
0x12c8	CALLDATALOAD	0x12c8
0x12ca	CALLDATALOAD	0x12ca
0x12cb	CALLDATASIZE	0x12cb
0x12cc	CALLDATALOAD	0x12cc
0x12d2	CALLDATASIZE	0x12d2
0x12d6	CALLDATASIZE	0x12d6
0x12dd	ORIGIN	0x12dd
0x12e3	CALLDATASIZE	0x12e3
0x12e5	CALLDATASIZE	0x12e5
0x12e7	CALLDATALOAD	0x12e7
0x12e9	CALLDATALOAD	0x12e9
0x12ea	CALLDATASIZE	0x12ea
0x1306	CALLDATALOAD	0x1306
0x1307	ORIGIN	0x1307
0x1308	CALLDATASIZE	0x1308
0x130a	ORIGIN	0x130a
0x1310	CALLDATALOAD	0x1310
0x1311	ORIGIN	0x1311
0x1312	CALLDATASIZE	0x1312
0x1314	CALLVALUE	0x1314
0x1318	ORIGIN	0x1318
0x131a	CALLDATALOAD	0x131a
0x131b	CALLVALUE	0x131b
0x131d	CALLDATALOAD	0x131d
0x1321	CALLDATALOAD	0x1321
0x1322	CALLDATASIZE	0x1322
0x1328	CALLDATALOAD	0x1328
0x132a	CALLDATASIZE	0x132a
0x132c	CALLVALUE	0x132c
0x1330	CALLDATALOAD	0x1330
0x1332	CALLDATASIZE	0x1332
0x133e	CALLVALUE	0x133e
0x133f	CALLDATASIZE	0x133f
0x1345	ORIGIN	0x1345
0x1348	CALLDATALOAD	0x1348
0x1349	ORIGIN	0x1349
0x134a	CALLDATASIZE	0x134a
0x134c	ORIGIN	0x134c
0x134e	CALLDATASIZE	0x134e
0x1351	CALLVALUE	0x1351
0x1353	ORIGIN	0x1353
0x1356	CALLDATALOAD	0x1356
0x1357	ORIGIN	0x1357
0x1358	CALLDATASIZE	0x1358
0x135a	ORIGIN	0x135a
0x135b	ORIGIN	0x135b
0x135c	CALLDATASIZE	0x135c
0x135e	ORIGIN	0x135e
0x135f	CALLVALUE	0x135f
0x1361	ORIGIN	0x1361
0x1364	CALLDATALOAD	0x1364
0x1365	ORIGIN	0x1365
0x1370	CALLDATASIZE	0x1370
0x1371	CALLDATALOAD	0x1371
0x1372	CALLDATASIZE	0x1372
0x137a	CALLDATASIZE	0x137a
0x137c	ORIGIN	0x137c
0x137e	CALLDATASIZE	0x137e
0x137f	ORIGIN	0x137f
0x1380	CALLDATASIZE	0x1380
0x1382	CALLDATASIZE	0x1382
0x1388	CALLDATASIZE	0x1388
0x1389	CALLER	0x1389
0x138a	CALLDATASIZE	0x138a
0x138b	CALLDATALOAD	0x138b
0x138c	ORIGIN	0x138c
0x138f	CALLVALUE	0x138f
0x1390	CALLDATASIZE	0x1390
0x139a	CALLDATASIZE	0x139a
0x13a2	CALLDATASIZE	0x13a2
0x13ab	CALLVALUE	0x13ab
0x13ad	ORIGIN	0x13ad
0x13b0	CALLDATALOAD	0x13b0
0x13b1	ORIGIN	0x13b1
0x13f4	CALLDATASIZE	0x13f4
0x13f6	CALLDATASIZE	0x13f6
0x13f7	CALLVALUE	0x13f7
0x13f9	ORIGIN	0x13f9
0x13fc	CALLDATALOAD	0x13fc
0x13fd	ORIGIN	0x13fd
0x1400	CALLDATALOAD	0x1400
0x1409	CALLER	0x1409
0x140a	CALLDATASIZE	0x140a
0x140d	CALLVALUE	0x140d
0x141b	CALLDATALOAD	0x141b
0x141e	CALLDATASIZE	0x141e
0x1424	CALLDATALOAD	0x1424
0x1426	CALLDATASIZE	0x1426
0x1428	CALLVALUE	0x1428
0x142c	CALLDATALOAD	0x142c
0x142e	CALLDATASIZE	0x142e
0x143a	CALLVALUE	0x143a
0x143b	CALLDATASIZE	0x143b
0x1441	ORIGIN	0x1441
0x1444	CALLDATALOAD	0x1444
0x1445	ORIGIN	0x1445
0x1446	CALLDATASIZE	0x1446
0x1448	ORIGIN	0x1448
0x144a	CALLDATASIZE	0x144a
0x144d	CALLVALUE	0x144d
0x144f	ORIGIN	0x144f
0x1452	CALLDATALOAD	0x1452
0x1453	ORIGIN	0x1453
0x1454	CALLDATASIZE	0x1454
0x1457	CALLVALUE	0x1457
0x1458	CALLDATASIZE	0x1458
0x145a	ORIGIN	0x145a
0x145b	CALLVALUE	0x145b
0x145d	ORIGIN	0x145d
0x1460	CALLDATALOAD	0x1460
0x1461	ORIGIN	0x1461
0x146c	CALLDATASIZE	0x146c
0x146e	CALLDATASIZE	0x146e
0x1476	CALLDATASIZE	0x1476
0x1480	CALLDATASIZE	0x1480
0x1489	ORIGIN	0x1489
0x148a	ORIGIN	0x148a
0x14a4	CALLDATASIZE	0x14a4
0x14a6	CALLVALUE	0x14a6
0x14a7	CALLVALUE	0x14a7
0x14a9	ORIGIN	0x14a9
0x14ac	CALLDATALOAD	0x14ac
0x14ad	ORIGIN	0x14ad
0x14b0	CALLDATALOAD	0x14b0
0x14b9	CALLER	0x14b9
0x14ba	CALLDATASIZE	0x14ba
0x14bc	CALLDATASIZE	0x14bc
0x14bd	CALLVALUE	0x14bd
0x14ca	CALLDATASIZE	0x14ca
0x14d1	ORIGIN	0x14d1
0x14d7	CALLDATASIZE	0x14d7
0x14d9	CALLDATASIZE	0x14d9
0x14da	CALLDATASIZE	0x14da
0x14e2	CALLDATALOAD	0x14e2
0x14e3	ORIGIN	0x14e3
0x14e4	CALLDATASIZE	0x14e4
0x14e7	CALLER	0x14e7
0x14e8	CALLDATASIZE	0x14e8
0x14ea	ORIGIN	0x14ea
0x14ec	CALLDATALOAD	0x14ec
0x14ed	ORIGIN	0x14ed
0x14ee	CALLDATASIZE	0x14ee
0x14f0	CALLVALUE	0x14f0
0x14f4	ORIGIN	0x14f4
0x14f6	CALLDATASIZE	0x14f6
0x14fe	CALLDATALOAD	0x14fe
0x14ff	CALLVALUE	0x14ff
0x1502	CALLDATALOAD	0x1502
0x1503	CALLVALUE	0x1503
0x1504	CALLDATASIZE	0x1504
0x150c	CALLDATASIZE	0x150c
0x150d	CALLER	0x150d
0x1516	CALLDATASIZE	0x1516
0x1519	ORIGIN	0x1519
0x151e	CALLDATALOAD	0x151e
0x151f	CALLDATASIZE	0x151f
0x1520	CALLDATALOAD	0x1520
0x152c	CALLDATASIZE	0x152c
0x152e	CALLVALUE	0x152e
0x1532	CALLDATALOAD	0x1532
0x1534	CALLDATASIZE	0x1534
0x1540	CALLVALUE	0x1540
0x1541	CALLDATASIZE	0x1541
0x1547	ORIGIN	0x1547
0x154a	CALLDATALOAD	0x154a
0x154b	ORIGIN	0x154b
0x154c	CALLDATASIZE	0x154c
0x154e	ORIGIN	0x154e
0x1550	CALLDATASIZE	0x1550
0x1553	CALLVALUE	0x1553
0x1555	ORIGIN	0x1555
0x1558	CALLDATALOAD	0x1558
0x1559	ORIGIN	0x1559
0x155a	CALLDATASIZE	0x155a
0x155c	ORIGIN	0x155c
0x155e	CALLDATASIZE	0x155e
0x1560	ORIGIN	0x1560
0x1561	CALLVALUE	0x1561
0x1563	ORIGIN	0x1563
0x1566	CALLDATALOAD	0x1566
0x1567	ORIGIN	0x1567
0x1575	ORIGIN	0x1575
0x1576	CALLDATASIZE	0x1576
0x1577	CALLDATALOAD	0x1577
0x1579	CALLDATASIZE	0x1579
0x157a	CALLDATASIZE	0x157a
0x157c	CALLDATASIZE	0x157c
0x1585	CALLDATASIZE	0x1585
0x1586	CALLDATASIZE	0x1586
0x1587	CALLDATALOAD	0x1587
0x1589	CALLER	0x1589
0x158b	CALLVALUE	0x158b
0x158c	CALLDATASIZE	0x158c
0x158e	CALLDATASIZE	0x158e
0x1596	CALLDATASIZE	0x1596
0x1598	CALLDATASIZE	0x1598
0x15a2	CALLDATASIZE	0x15a2
0x15a3	ORIGIN	0x15a3
0x15a4	CALLDATASIZE	0x15a4
0x15a5	CALLDATALOAD	0x15a5
0x15a6	ORIGIN	0x15a6
0x15a8	CALLDATASIZE	0x15a8
0x15a9	CALLER	0x15a9
0x15aa	CALLDATASIZE	0x15aa
0x15ac	CALLVALUE	0x15ac
0x15ad	CALLVALUE	0x15ad
0x15af	ORIGIN	0x15af
0x15b2	CALLDATALOAD	0x15b2
0x15b3	ORIGIN	0x15b3
0x15c2	CALLDATASIZE	0x15c2
0x15c3	CALLDATALOAD	0x15c3
0x15c4	CALLDATASIZE	0x15c4
0x15c5	CALLVALUE	0x15c5
0x15c6	ORIGIN	0x15c6
0x15f6	CALLDATASIZE	0x15f6
0x15f8	CALLDATASIZE	0x15f8
0x15f9	CALLVALUE	0x15f9
0x15fb	ORIGIN	0x15fb
0x15fe	CALLDATALOAD	0x15fe
0x15ff	ORIGIN	0x15ff
0x1602	CALLDATALOAD	0x1602
0x160b	CALLER	0x160b
0x160c	CALLDATASIZE	0x160c
0x160f	CALLVALUE	0x160f
0x161f	CALLDATALOAD	0x161f
0x1620	CALLDATASIZE	0x1620
0x1628	CALLDATASIZE	0x1628
0x162a	CALLVALUE	0x162a
0x162e	CALLDATALOAD	0x162e
0x1630	CALLDATASIZE	0x1630
0x163c	CALLVALUE	0x163c
0x163d	CALLDATASIZE	0x163d
0x1643	ORIGIN	0x1643
0x1646	CALLDATALOAD	0x1646
0x1647	ORIGIN	0x1647
0x1648	CALLDATASIZE	0x1648
0x164a	ORIGIN	0x164a
0x164c	CALLDATASIZE	0x164c
0x164f	CALLVALUE	0x164f
0x1651	ORIGIN	0x1651
0x1654	CALLDATALOAD	0x1654
0x1655	ORIGIN	0x1655
0x1656	CALLDATASIZE	0x1656
0x165a	CALLDATASIZE	0x165a
0x165c	ORIGIN	0x165c
0x165d	CALLVALUE	0x165d
0x165f	ORIGIN	0x165f
0x1662	CALLDATALOAD	0x1662
0x1663	ORIGIN	0x1663
0x166e	CALLDATASIZE	0x166e
0x166f	CALLDATASIZE	0x166f
0x1670	CALLDATASIZE	0x1670
0x1671	CALLDATASIZE	0x1671
0x1672	ORIGIN	0x1672
0x1674	CALLDATASIZE	0x1674
0x167b	CALLVALUE	0x167b
0x167c	ORIGIN	0x167c
0x167e	CALLDATASIZE	0x167e
0x167f	ORIGIN	0x167f
0x1680	CALLDATASIZE	0x1680
0x1681	CALLDATALOAD	0x1681
0x1682	ORIGIN	0x1682
0x1684	CALLER	0x1684
0x168d	CALLER	0x168d
0x168f	CALLVALUE	0x168f
0x1690	CALLDATASIZE	0x1690
0x1693	ORIGIN	0x1693
0x1695	CALLVALUE	0x1695
0x16a6	CALLDATASIZE	0x16a6
0x16a8	CALLVALUE	0x16a8
0x16a9	CALLVALUE	0x16a9
0x16ab	ORIGIN	0x16ab
0x16ae	CALLDATALOAD	0x16ae
0x16af	ORIGIN	0x16af
0x16b2	CALLDATALOAD	0x16b2
0x16bb	CALLER	0x16bb
0x16bc	CALLDATASIZE	0x16bc
0x16be	CALLDATASIZE	0x16be
0x16bf	CALLVALUE	0x16bf
0x16ce	CALLDATASIZE	0x16ce
0x16d6	CALLDATASIZE	0x16d6
0x16d8	CALLVALUE	0x16d8
0x16dc	CALLDATALOAD	0x16dc
0x16de	CALLDATASIZE	0x16de
0x16ea	CALLVALUE	0x16ea
0x16eb	CALLDATASIZE	0x16eb
0x16f1	ORIGIN	0x16f1
0x16f4	CALLDATALOAD	0x16f4
0x16f5	ORIGIN	0x16f5
0x16f6	CALLDATASIZE	0x16f6
0x16f8	ORIGIN	0x16f8
0x16fa	CALLDATASIZE	0x16fa
0x16fd	CALLVALUE	0x16fd
0x16ff	ORIGIN	0x16ff
0x1702	CALLDATALOAD	0x1702
0x1703	ORIGIN	0x1703
0x1704	CALLDATASIZE	0x1704
0x1706	ORIGIN	0x1706
0x1707	CALLER	0x1707
0x1708	CALLDATASIZE	0x1708
0x170a	ORIGIN	0x170a
0x170b	CALLVALUE	0x170b
0x170d	ORIGIN	0x170d
0x1710	CALLDATALOAD	0x1710
0x1711	ORIGIN	0x1711
0x171b	CALLER	0x171b
0x171d	CALLVALUE	0x171d
0x171e	CALLDATASIZE	0x171e
0x1720	CALLDATASIZE	0x1720
0x1729	CALLDATALOAD	0x1729
0x172b	CALLER	0x172b
0x172d	CALLVALUE	0x172d
0x172e	ORIGIN	0x172e
0x1730	CALLDATASIZE	0x1730
0x1731	ORIGIN	0x1731
0x1732	CALLDATASIZE	0x1732
0x1733	CALLDATALOAD	0x1733
0x1734	ORIGIN	0x1734
0x1736	CALLDATASIZE	0x1736
0x1737	ORIGIN	0x1737
0x1738	CALLDATASIZE	0x1738
0x173a	CALLDATASIZE	0x173a
0x173c	CALLDATASIZE	0x173c
0x173e	CALLDATASIZE	0x173e
0x173f	CALLDATALOAD	0x173f
0x1741	ORIGIN	0x1741
0x1742	ORIGIN	0x1742
0x1745	CALLVALUE	0x1745
0x1746	CALLDATASIZE	0x1746
0x1748	CALLDATASIZE	0x1748
0x174a	CALLDATASIZE	0x174a
0x1753	CALLVALUE	0x1753
0x1754	CALLDATASIZE	0x1754
0x1756	CALLVALUE	0x1756
0x1757	CALLVALUE	0x1757
0x1759	ORIGIN	0x1759
0x175c	CALLDATALOAD	0x175c
0x175d	ORIGIN	0x175d
0x17a0	CALLDATASIZE	0x17a0
0x17a2	CALLDATASIZE	0x17a2
0x17a3	CALLVALUE	0x17a3
0x17a5	ORIGIN	0x17a5
0x17a8	CALLDATALOAD	0x17a8
0x17a9	ORIGIN	0x17a9
0x17ac	CALLDATALOAD	0x17ac
0x17b5	CALLER	0x17b5
0x17b6	CALLDATASIZE	0x17b6
0x17b9	CALLVALUE	0x17b9
0x17c8	CALLDATASIZE	0x17c8
0x17d0	CALLDATASIZE	0x17d0
0x17d2	CALLVALUE	0x17d2
0x17d6	CALLDATALOAD	0x17d6
0x17d8	CALLDATASIZE	0x17d8
0x17e4	CALLVALUE	0x17e4
0x17e5	CALLDATASIZE	0x17e5
0x17eb	ORIGIN	0x17eb
0x17ee	CALLDATALOAD	0x17ee
0x17ef	ORIGIN	0x17ef
0x17f0	CALLDATASIZE	0x17f0
0x17f2	ORIGIN	0x17f2
0x17f4	CALLDATASIZE	0x17f4
0x17f7	CALLVALUE	0x17f7
0x17f9	ORIGIN	0x17f9
0x17fc	CALLDATALOAD	0x17fc
0x17fd	ORIGIN	0x17fd
0x17fe	CALLDATASIZE	0x17fe
0x1800	ORIGIN	0x1800
0x1801	CALLER	0x1801
0x1802	CALLDATASIZE	0x1802
0x1804	ORIGIN	0x1804
0x1805	CALLVALUE	0x1805
0x1807	ORIGIN	0x1807
0x180a	CALLDATALOAD	0x180a
0x180b	ORIGIN	0x180b
0x1815	CALLER	0x1815
0x1817	CALLVALUE	0x1817
0x1818	CALLDATASIZE	0x1818
0x181a	CALLDATASIZE	0x181a
0x1823	CALLDATALOAD	0x1823
0x1825	CALLER	0x1825
0x1827	CALLVALUE	0x1827
0x1828	ORIGIN	0x1828
0x182a	CALLDATASIZE	0x182a
0x182b	ORIGIN	0x182b
0x182c	CALLDATASIZE	0x182c
0x182d	CALLDATALOAD	0x182d
0x182e	ORIGIN	0x182e
0x1830	CALLDATASIZE	0x1830
0x1831	ORIGIN	0x1831
0x1832	CALLDATASIZE	0x1832
0x1834	CALLDATASIZE	0x1834
0x1836	CALLDATASIZE	0x1836
0x1838	CALLDATASIZE	0x1838
0x1839	CALLDATALOAD	0x1839
0x183b	ORIGIN	0x183b
0x183c	ORIGIN	0x183c
0x183f	CALLVALUE	0x183f
0x1840	CALLDATASIZE	0x1840
0x1842	CALLDATASIZE	0x1842
0x1844	CALLDATASIZE	0x1844
0x184c	CALLDATASIZE	0x184c
0x1853	ORIGIN	0x1853
0x1856	CALLDATALOAD	0x1856
0x1857	ORIGIN	0x1857
0x189a	CALLDATASIZE	0x189a
0x189c	CALLDATASIZE	0x189c
0x189d	CALLVALUE	0x189d
0x189f	ORIGIN	0x189f
0x18a2	CALLDATALOAD	0x18a2
0x18a3	ORIGIN	0x18a3
0x18a6	CALLDATALOAD	0x18a6
0x18af	CALLER	0x18af
0x18b0	CALLDATASIZE	0x18b0
0x18b3	CALLVALUE	0x18b3
0x18c6	CALLDATALOAD	0x18c6
0x18c7	ORIGIN	0x18c7
0x18c8	CALLDATASIZE	0x18c8
0x18ca	ORIGIN	0x18ca
0x18d0	CALLDATALOAD	0x18d0
0x18d1	ORIGIN	0x18d1
0x18d2	CALLDATASIZE	0x18d2
0x18d4	CALLVALUE	0x18d4
0x18d8	ORIGIN	0x18d8
0x18da	CALLDATALOAD	0x18da
0x18db	CALLVALUE	0x18db
0x18dc	CALLDATASIZE	0x18dc
0x18e5	CALLDATASIZE	0x18e5
0x18e6	CALLDATASIZE	0x18e6
0x18e7	CALLER	0x18e7
0x18f0	CALLDATASIZE	0x18f0
0x18f3	ORIGIN	0x18f3
0x18f8	CALLDATALOAD	0x18f8
0x18f9	CALLDATASIZE	0x18f9
0x18fa	CALLDATALOAD	0x18fa
0x1902	CALLER	0x1902
0x1903	CALLER	0x1903
0x1904	CALLDATASIZE	0x1904
0x1908	CALLDATASIZE	0x1908
0x190f	ORIGIN	0x190f
0x1915	CALLDATASIZE	0x1915
0x1916	CALLDATASIZE	0x1916
0x191a	CALLDATASIZE	0x191a
0x1921	ORIGIN	0x1921
0x1927	CALLDATASIZE	0x1927
0x192a	CALLDATALOAD	0x192a
0x192b	ORIGIN	0x192b
0x192c	CALLDATASIZE	0x192c
0x192e	ORIGIN	0x192e
0x1936	CALLDATALOAD	0x1936
0x1937	ORIGIN	0x1937
0x1938	CALLDATASIZE	0x1938
0x193a	ORIGIN	0x193a
0x193e	CALLDATASIZE	0x193e
0x1942	ORIGIN	0x1942
0x1948	CALLDATALOAD	0x1948
0x1949	CALLDATALOAD	0x1949
0x194a	CALLDATALOAD	0x194a
0x194c	CALLDATASIZE	0x194c
0x195c	CALLDATASIZE	0x195c
0x195e	CALLVALUE	0x195e
0x1960	CALLDATALOAD	0x1960
0x1961	ORIGIN	0x1961
0x1965	CALLDATASIZE	0x1965
0x1968	CALLDATALOAD	0x1968
0x1969	ORIGIN	0x1969
0x196a	CALLDATASIZE	0x196a
0x196c	ORIGIN	0x196c
0x1970	CALLDATASIZE	0x1970
0x1976	CALLDATALOAD	0x1976
0x1977	ORIGIN	0x1977
0x1978	CALLDATASIZE	0x1978
0x197a	ORIGIN	0x197a
0x197e	CALLDATASIZE	0x197e
0x1982	CALLDATASIZE	0x1982
0x198c	CALLDATALOAD	0x198c
0x198d	ORIGIN	0x198d
0x198e	CALLDATASIZE	0x198e
0x1990	ORIGIN	0x1990
0x1995	CALLDATALOAD	0x1995
0x1998	CALLDATALOAD	0x1998
0x1999	ORIGIN	0x1999
0x199a	CALLDATASIZE	0x199a
0x199c	ORIGIN	0x199c
0x19a1	CALLVALUE	0x19a1
0x19a4	CALLDATALOAD	0x19a4
0x19a5	ORIGIN	0x19a5
0x19a6	CALLDATASIZE	0x19a6
0x19a8	ORIGIN	0x19a8
0x19ad	CALLER	0x19ad
0x19b0	CALLDATALOAD	0x19b0
0x19b1	ORIGIN	0x19b1
0x19b2	CALLDATASIZE	0x19b2
0x19b4	ORIGIN	0x19b4
0x19b8	CALLER	0x19b8
0x19b9	CALLER	0x19b9
0x19ba	CALLDATASIZE	0x19ba
0x19be	CALLDATASIZE	0x19be
0x19c5	ORIGIN	0x19c5
0x19cb	CALLDATASIZE	0x19cb
0x19ce	CALLDATALOAD	0x19ce
0x19cf	ORIGIN	0x19cf
0x19d0	CALLDATALOAD	0x19d0
0x19d2	CALLDATASIZE	0x19d2
0x19d5	CALLER	0x19d5
0x19d6	CALLDATASIZE	0x19d6
0x19dc	CALLDATASIZE	0x19dc
0x19e0	CALLDATASIZE	0x19e0
0x19e7	ORIGIN	0x19e7
0x19ed	CALLDATASIZE	0x19ed
0x19ee	CALLDATASIZE	0x19ee
0x19f2	CALLDATASIZE	0x19f2
0x19f9	ORIGIN	0x19f9
0x19ff	CALLDATASIZE	0x19ff
0x1a02	CALLDATALOAD	0x1a02
0x1a03	ORIGIN	0x1a03
0x1a04	CALLDATASIZE	0x1a04
0x1a06	ORIGIN	0x1a06
0x1a0e	CALLDATALOAD	0x1a0e
0x1a0f	ORIGIN	0x1a0f
0x1a10	CALLDATASIZE	0x1a10
0x1a12	ORIGIN	0x1a12
0x1a16	CALLDATASIZE	0x1a16
0x1a1a	ORIGIN	0x1a1a
0x1a1c	CALLDATASIZE	0x1a1c
0x1a21	ORIGIN	0x1a21
0x1a24	CALLDATALOAD	0x1a24
0x1a28	CALLDATASIZE	0x1a28
0x1a2e	CALLDATALOAD	0x1a2e
0x1a2f	CALLDATALOAD	0x1a2f
0x1a30	CALLDATASIZE	0x1a30
0x1a32	ORIGIN	0x1a32
0x1a35	ORIGIN	0x1a35
0x1a38	CALLDATALOAD	0x1a38
0x1a3c	CALLDATASIZE	0x1a3c
0x1a42	CALLDATALOAD	0x1a42
0x1a43	CALLDATALOAD	0x1a43
0x1a44	CALLDATASIZE	0x1a44
0x1a46	CALLVALUE	0x1a46
0x1a49	ORIGIN	0x1a49
0x1a4c	CALLDATALOAD	0x1a4c
0x1a50	CALLDATASIZE	0x1a50
0x1a53	ORIGIN	0x1a53
0x1a56	CALLDATASIZE	0x1a56
0x1a5a	CALLDATASIZE	0x1a5a
0x1a64	CALLDATALOAD	0x1a64
0x1a65	CALLVALUE	0x1a65
0x1a68	CALLDATASIZE	0x1a68
0x1a73	CALLDATASIZE	0x1a73
0x1a77	CALLER	0x1a77
0x1a78	CALLDATASIZE	0x1a78
0x1a86	CALLDATALOAD	0x1a86
0x1a87	CALLDATALOAD	0x1a87
0x1a88	CALLDATALOAD	0x1a88
0x1a8a	CALLDATASIZE	0x1a8a
0x1a8c	CALLDATASIZE	0x1a8c
0x1a8f	ORIGIN	0x1a8f
0x1a92	CALLDATALOAD	0x1a92
0x1a96	CALLDATASIZE	0x1a96
0x1a99	CALLER	0x1a99
0x1a9c	CALLDATALOAD	0x1a9c
0x1a9d	CALLDATALOAD	0x1a9d
0x1a9e	CALLDATASIZE	0x1a9e
0x1aa3	ORIGIN	0x1aa3
0x1aa6	CALLDATALOAD	0x1aa6
0x1aaa	CALLDATASIZE	0x1aaa
0x1aad	CALLVALUE	0x1aad
0x1ab0	CALLDATALOAD	0x1ab0
0x1ab1	CALLDATALOAD	0x1ab1
0x1ab2	CALLDATASIZE	0x1ab2
0x1ab7	ORIGIN	0x1ab7
0x1aba	CALLDATALOAD	0x1aba
0x1abe	CALLDATASIZE	0x1abe
0x1ac1	CALLDATALOAD	0x1ac1
0x1ac4	CALLDATALOAD	0x1ac4
0x1ac5	CALLDATALOAD	0x1ac5
0x1ac6	CALLDATASIZE	0x1ac6
0x1ace	CALLDATALOAD	0x1ace
0x1ad2	CALLDATASIZE	0x1ad2
0x1ad5	CALLDATASIZE	0x1ad5
0x1ad8	CALLDATASIZE	0x1ad8
0x1adc	CALLDATASIZE	0x1adc
0x1ae6	CALLDATALOAD	0x1ae6
0x1ae7	CALLVALUE	0x1ae7
0x1aea	CALLDATASIZE	0x1aea
0x1aee	CALLDATASIZE	0x1aee
0x1af5	ORIGIN	0x1af5
0x1afb	ORIGIN	0x1afb
0x1aff	CALLDATASIZE	0x1aff
0x1b03	CALLER	0x1b03
0x1b04	CALLDATASIZE	0x1b04
0x1b08	CALLDATASIZE	0x1b08
0x1b0f	ORIGIN	0x1b0f
0x1b15	CALLDATASIZE	0x1b15
0x1b17	ORIGIN	0x1b17
0x1b1c	CALLDATALOAD	0x1b1c
0x1b1d	CALLDATALOAD	0x1b1d
0x1b1e	CALLDATALOAD	0x1b1e
0x1b22	CALLDATALOAD	0x1b22
0x1b24	CALLDATALOAD	0x1b24
0x1b27	CALLDATALOAD	0x1b27
0x1b28	CALLDATASIZE	0x1b28
0x1b2c	CALLDATASIZE	0x1b2c
0x1b33	ORIGIN	0x1b33
0x1b39	CALLDATASIZE	0x1b39
0x1b3a	CALLER	0x1b3a
0x1b3b	CALLER	0x1b3b
0x1b3c	CALLDATASIZE	0x1b3c
0x1b40	CALLDATASIZE	0x1b40
0x1b47	ORIGIN	0x1b47
0x1b4d	CALLDATASIZE	0x1b4d
0x1b57	CALLDATALOAD	0x1b57
0x1b66	CALLVALUE	0x1b66
0x1b67	ORIGIN	0x1b67
0x1b69	CALLDATALOAD	0x1b69
0x1b6f	ORIGIN	0x1b6f
0x1b7a	CALLER	0x1b7a
0x1b7b	CALLDATALOAD	0x1b7b
0x1b7c	CALLVALUE	0x1b7c
0x1b84	CALLDATASIZE	0x1b84
0x1b98	CALLDATASIZE	0x1b98
0x1b9a	CALLVALUE	0x1b9a
0x1b9c	CALLDATALOAD	0x1b9c
0x1ba1	CALLDATALOAD	0x1ba1
0x1ba4	CALLDATALOAD	0x1ba4
0x1ba5	ORIGIN	0x1ba5
0x1ba6	CALLDATASIZE	0x1ba6
0x1ba8	ORIGIN	0x1ba8
0x1bad	CALLVALUE	0x1bad
0x1bb0	CALLDATALOAD	0x1bb0
0x1bb1	ORIGIN	0x1bb1
0x1bb2	CALLDATASIZE	0x1bb2
0x1bb4	ORIGIN	0x1bb4
0x1bb9	CALLER	0x1bb9
0x1bbc	CALLDATALOAD	0x1bbc
0x1bbd	ORIGIN	0x1bbd
0x1bbe	CALLDATASIZE	0x1bbe
0x1bc0	ORIGIN	0x1bc0
0x1bc5	ORIGIN	0x1bc5
0x1bc8	CALLDATALOAD	0x1bc8
0x1bc9	ORIGIN	0x1bc9
0x1bca	CALLDATASIZE	0x1bca
0x1bcc	ORIGIN	0x1bcc
0x1bd1	CALLVALUE	0x1bd1
0x1bd2	CALLDATALOAD	0x1bd2
0x1bd4	CALLDATALOAD	0x1bd4
0x1bd6	CALLDATALOAD	0x1bd6
0x1bd8	CALLDATALOAD	0x1bd8
0x1bda	CALLDATALOAD	0x1bda
0x1bdc	CALLDATASIZE	0x1bdc
0x1bde	CALLVALUE	0x1bde
0x1be0	CALLDATALOAD	0x1be0
0x1be7	CALLER	0x1be7
0x1bee	CALLDATASIZE	0x1bee
0x1bf3	CALLDATALOAD	0x1bf3
0x1bf5	CALLVALUE	0x1bf5
0x1bf6	CALLDATALOAD	0x1bf6
0x1bf8	CALLDATALOAD	0x1bf8
0x1bfa	CALLDATALOAD	0x1bfa
0x1bfc	CALLDATALOAD	0x1bfc
0x1bfe	CALLDATALOAD	0x1bfe
0x1c00	CALLDATALOAD	0x1c00
0x1c01	CALLDATASIZE	0x1c01
0x1c02	CALLDATALOAD	0x1c02
0x1c08	CALLDATASIZE	0x1c08
0x1c0f	ORIGIN	0x1c0f
0x1c15	CALLDATASIZE	0x1c15
0x1c16	CALLDATASIZE	0x1c16
0x1c1e	CALLDATALOAD	0x1c1e
0x1c1f	ORIGIN	0x1c1f
0x1c20	CALLDATASIZE	0x1c20
0x1c22	ORIGIN	0x1c22
0x1c28	CALLDATALOAD	0x1c28
0x1c29	ORIGIN	0x1c29
0x1c2a	CALLDATASIZE	0x1c2a
0x1c2c	CALLVALUE	0x1c2c
0x1c30	ORIGIN	0x1c30
0x1c32	CALLDATALOAD	0x1c32
0x1c33	CALLVALUE	0x1c33
0x1c36	CALLDATALOAD	0x1c36
0x1c37	CALLDATASIZE	0x1c37
0x1c38	CALLDATALOAD	0x1c38
0x1c40	CALLDATALOAD	0x1c40
0x1c45	ORIGIN	0x1c45
0x1c4c	CALLDATALOAD	0x1c4c
0x1c4d	ORIGIN	0x1c4d
0x1c4e	CALLDATASIZE	0x1c4e
0x1c51	CALLER	0x1c51
0x1c54	CALLDATALOAD	0x1c54
0x1c55	ORIGIN	0x1c55
0x1c98	CALLDATASIZE	0x1c98
0x1c9a	ORIGIN	0x1c9a
0x1c9d	ORIGIN	0x1c9d
0x1ca0	CALLDATALOAD	0x1ca0
0x1ca1	ORIGIN	0x1ca1
0x1ca4	CALLDATALOAD	0x1ca4
0x1ca5	CALLDATASIZE	0x1ca5
0x1ca6	CALLDATALOAD	0x1ca6
0x1cac	CALLDATASIZE	0x1cac
0x1cb0	CALLDATASIZE	0x1cb0
0x1cb7	ORIGIN	0x1cb7
0x1cbd	CALLER	0x1cbd
0x1cbf	CALLDATASIZE	0x1cbf
0x1cc1	CALLDATALOAD	0x1cc1
0x1cc3	CALLDATALOAD	0x1cc3
0x1cc4	CALLDATASIZE	0x1cc4
0x1ce0	CALLDATALOAD	0x1ce0
0x1ce1	ORIGIN	0x1ce1
0x1ce2	CALLDATASIZE	0x1ce2
0x1ce4	ORIGIN	0x1ce4
0x1cea	CALLDATALOAD	0x1cea
0x1ceb	ORIGIN	0x1ceb
0x1cec	CALLDATASIZE	0x1cec
0x1cee	CALLVALUE	0x1cee
0x1cf2	ORIGIN	0x1cf2
0x1cf4	CALLDATALOAD	0x1cf4
0x1cf5	CALLVALUE	0x1cf5
0x1cf7	ORIGIN	0x1cf7
0x1cfb	CALLDATALOAD	0x1cfb
0x1cfc	CALLDATASIZE	0x1cfc
0x1d18	CALLDATALOAD	0x1d18
0x1d19	ORIGIN	0x1d19
0x1d1a	CALLDATASIZE	0x1d1a
0x1d1c	ORIGIN	0x1d1c
0x1d22	CALLDATALOAD	0x1d22
0x1d23	ORIGIN	0x1d23
0x1d24	CALLDATASIZE	0x1d24
0x1d26	CALLVALUE	0x1d26
0x1d2a	ORIGIN	0x1d2a
0x1d2c	CALLDATALOAD	0x1d2c
0x1d2d	CALLVALUE	0x1d2d
0x1d2e	CALLDATASIZE	0x1d2e
0x1d38	CALLDATASIZE	0x1d38
0x1d39	CALLER	0x1d39
0x1d42	CALLDATASIZE	0x1d42
0x1d45	ORIGIN	0x1d45
0x1d4a	CALLDATALOAD	0x1d4a
0x1d4b	CALLDATASIZE	0x1d4b
0x1d4c	CALLDATALOAD	0x1d4c
0x1d58	CALLDATALOAD	0x1d58
0x1d59	ORIGIN	0x1d59
0x1d5a	CALLDATASIZE	0x1d5a
0x1d5c	ORIGIN	0x1d5c
0x1d62	CALLDATALOAD	0x1d62
0x1d63	ORIGIN	0x1d63
0x1d64	CALLDATASIZE	0x1d64
0x1d66	CALLVALUE	0x1d66
0x1d6b	ORIGIN	0x1d6b
0x1d6c	ORIGIN	0x1d6c
0x1d6f	ORIGIN	0x1d6f
0x1d73	ORIGIN	0x1d73
0x1d74	CALLDATALOAD	0x1d74
0x1d75	CALLDATALOAD	0x1d75
0x1d76	CALLDATASIZE	0x1d76
0x1d7a	CALLDATASIZE	0x1d7a
0x1d81	ORIGIN	0x1d81
0x1d87	CALLDATALOAD	0x1d87
0x1d89	CALLDATASIZE	0x1d89
0x1d8c	CALLDATALOAD	0x1d8c
0x1d8d	ORIGIN	0x1d8d
0x1d8e	ORIGIN	0x1d8e
0x1d90	CALLDATALOAD	0x1d90
0x1d91	CALLVALUE	0x1d91
0x1d92	CALLDATASIZE	0x1d92
0x1d9c	CALLDATASIZE	0x1d9c
0x1d9d	CALLER	0x1d9d
0x1da6	CALLDATASIZE	0x1da6
0x1da9	ORIGIN	0x1da9
0x1daf	CALLDATASIZE	0x1daf
0x1db0	CALLDATALOAD	0x1db0
0x1db6	CALLDATASIZE	0x1db6
0x1dbd	ORIGIN	0x1dbd
0x1dc3	CALLVALUE	0x1dc3
0x1dc5	CALLDATASIZE	0x1dc5
0x1dc6	CALLDATASIZE	0x1dc6
0x1dce	CALLDATALOAD	0x1dce
0x1dcf	ORIGIN	0x1dcf
0x1dd0	CALLDATASIZE	0x1dd0
0x1dd2	ORIGIN	0x1dd2
0x1dd8	CALLDATALOAD	0x1dd8
0x1dd9	ORIGIN	0x1dd9
0x1dda	CALLDATASIZE	0x1dda
0x1ddc	CALLVALUE	0x1ddc
0x1de1	ORIGIN	0x1de1
0x1de4	ORIGIN	0x1de4
0x1de7	CALLER	0x1de7
0x1deb	CALLER	0x1deb
0x1dec	CALLDATALOAD	0x1dec
0x1ded	CALLDATALOAD	0x1ded
0x1df0	CALLDATALOAD	0x1df0
0x1df3	CALLDATALOAD	0x1df3
0x1df6	CALLDATALOAD	0x1df6
0x1df7	ORIGIN	0x1df7
0x1dfa	CALLDATALOAD	0x1dfa
0x1dff	ORIGIN	0x1dff
0x1e00	CALLER	0x1e00
0x1e01	CALLER	0x1e01
0x1e03	ORIGIN	0x1e03
0x1e19	ORIGIN	0x1e19
0x1e27	CALLDATALOAD	0x1e27
0x1e28	ORIGIN	0x1e28
0x1e2e	CALLDATASIZE	0x1e2e
0x1e2f	CALLER	0x1e2f
0x1e35	CALLDATASIZE	0x1e35
0x1e36	ORIGIN	0x1e36
0x1e40	ORIGIN	0x1e40
0x1e41	CALLER	0x1e41
0x1e47	ORIGIN	0x1e47
0x1e4d	CALLER	0x1e4d
0x1e5a	CALLDATASIZE	0x1e5a
0x1e5f	ORIGIN	0x1e5f
0x1e62	CALLDATALOAD	0x1e62
0x1e64	CALLDATALOAD	0x1e64
0x1e66	CALLDATALOAD	0x1e66
0x1e67	CALLDATASIZE	0x1e67
0x1e68	CALLDATALOAD	0x1e68
0x1e76	CALLDATASIZE	0x1e76
0x1e7a	CALLDATASIZE	0x1e7a
0x1e81	ORIGIN	0x1e81
0x1e87	CALLDATASIZE	0x1e87
0x1e89	CALLDATASIZE	0x1e89
0x1e8b	CALLDATALOAD	0x1e8b
0x1e8d	CALLDATALOAD	0x1e8d
0x1e8e	CALLDATASIZE	0x1e8e
0x1ea4	CALLDATASIZE	0x1ea4
0x1eab	ORIGIN	0x1eab
0x1eb1	CALLDATASIZE	0x1eb1
0x1eb3	CALLDATASIZE	0x1eb3
0x1eb4	CALLDATASIZE	0x1eb4
0x1ebc	CALLDATALOAD	0x1ebc
0x1ebd	ORIGIN	0x1ebd
0x1ebe	CALLDATASIZE	0x1ebe
0x1ec1	CALLER	0x1ec1
0x1ec2	CALLDATASIZE	0x1ec2
0x1ec4	ORIGIN	0x1ec4
0x1ec6	CALLDATALOAD	0x1ec6
0x1ec7	ORIGIN	0x1ec7
0x1ec8	CALLDATASIZE	0x1ec8
0x1eca	CALLVALUE	0x1eca
0x1ece	ORIGIN	0x1ece
0x1ed0	CALLDATALOAD	0x1ed0
0x1ed1	CALLVALUE	0x1ed1
0x1ed4	CALLDATASIZE	0x1ed4
0x1ee2	CALLDATALOAD	0x1ee2
0x1ee4	CALLDATASIZE	0x1ee4
0x1ef0	CALLVALUE	0x1ef0
0x1ef1	CALLDATASIZE	0x1ef1
0x1ef7	ORIGIN	0x1ef7
0x1efa	CALLDATALOAD	0x1efa
0x1efb	ORIGIN	0x1efb
0x1efc	CALLDATASIZE	0x1efc
0x1efe	ORIGIN	0x1efe
0x1f00	CALLDATASIZE	0x1f00
0x1f03	CALLVALUE	0x1f03
0x1f05	ORIGIN	0x1f05
0x1f08	CALLDATALOAD	0x1f08
0x1f09	ORIGIN	0x1f09
0x1f0a	CALLDATASIZE	0x1f0a
0x1f0c	ORIGIN	0x1f0c
0x1f0d	CALLVALUE	0x1f0d
0x1f11	ORIGIN	0x1f11
0x1f14	CALLDATALOAD	0x1f14
0x1f15	ORIGIN	0x1f15
0x1f20	CALLDATASIZE	0x1f20
0x1f22	CALLDATASIZE	0x1f22
0x1f2a	CALLDATASIZE	0x1f2a
0x1f2d	CALLER	0x1f2d
0x1f2e	ORIGIN	0x1f2e
0x1f30	CALLDATASIZE	0x1f30
0x1f33	ORIGIN	0x1f33
0x1f34	CALLDATASIZE	0x1f34
0x1f36	CALLDATASIZE	0x1f36
0x1f3e	ORIGIN	0x1f3e
0x1f41	CALLVALUE	0x1f41
0x1f42	CALLDATASIZE	0x1f42
0x1f4d	CALLER	0x1f4d
0x1f4e	ORIGIN	0x1f4e
0x1f50	CALLDATASIZE	0x1f50
0x1f52	CALLDATASIZE	0x1f52
0x1f53	CALLVALUE	0x1f53
0x1f54	CALLDATASIZE	0x1f54
0x1f55	CALLVALUE	0x1f55
0x1f57	ORIGIN	0x1f57
0x1f58	CALLDATASIZE	0x1f58
0x1f5a	CALLVALUE	0x1f5a
0x1f5b	CALLVALUE	0x1f5b
0x1f5d	ORIGIN	0x1f5d
0x1f60	CALLDATALOAD	0x1f60
0x1f61	ORIGIN	0x1f61
0x1fa4	CALLDATASIZE	0x1fa4
0x1fa6	CALLDATASIZE	0x1fa6
0x1fa7	CALLVALUE	0x1fa7
0x1fa9	ORIGIN	0x1fa9
0x1fac	CALLDATALOAD	0x1fac
0x1fad	ORIGIN	0x1fad
0x1fb0	CALLDATALOAD	0x1fb0
0x1fb9	CALLER	0x1fb9
0x1fba	CALLDATASIZE	0x1fba
0x1fbd	CALLVALUE	0x1fbd
0x1fca	CALLDATASIZE	0x1fca
0x1fd1	ORIGIN	0x1fd1
0x1fd7	CALLDATASIZE	0x1fd7
0x1fd9	CALLDATASIZE	0x1fd9
0x1fda	CALLDATASIZE	0x1fda
0x1fe2	CALLDATALOAD	0x1fe2
0x1fe3	ORIGIN	0x1fe3
0x1fe4	CALLDATASIZE	0x1fe4
0x1fe7	CALLER	0x1fe7
0x1fe8	CALLDATASIZE	0x1fe8
0x1fea	ORIGIN	0x1fea
0x1fec	CALLDATALOAD	0x1fec
0x1fed	ORIGIN	0x1fed
0x1fee	CALLDATASIZE	0x1fee
0x1ff0	CALLVALUE	0x1ff0
0x1ff4	ORIGIN	0x1ff4
0x1ff8	CALLDATALOAD	0x1ff8
0x1ff9	CALLVALUE	0x1ff9
0x1ffa	CALLDATASIZE	0x1ffa
0x2004	CALLDATALOAD	0x2004
0x2005	CALLVALUE	0x2005
0x2008	CALLDATASIZE	0x2008
0x200c	CALLDATALOAD	0x200c
0x200e	CALLDATALOAD	0x200e
0x2010	CALLDATASIZE	0x2010
0x2012	CALLVALUE	0x2012
0x2016	CALLDATALOAD	0x2016
0x2018	CALLDATASIZE	0x2018
0x2024	CALLVALUE	0x2024
0x2025	CALLDATASIZE	0x2025
0x202b	ORIGIN	0x202b
0x202e	CALLDATALOAD	0x202e
0x202f	ORIGIN	0x202f
0x2030	CALLDATASIZE	0x2030
0x2032	ORIGIN	0x2032
0x2034	CALLDATASIZE	0x2034
0x2037	CALLVALUE	0x2037
0x2039	ORIGIN	0x2039
0x203c	CALLDATALOAD	0x203c
0x203d	ORIGIN	0x203d
0x203e	CALLDATASIZE	0x203e
0x2042	CALLDATASIZE	0x2042
0x2044	ORIGIN	0x2044
0x2045	CALLVALUE	0x2045
0x2047	ORIGIN	0x2047
0x204a	CALLDATALOAD	0x204a
0x204b	ORIGIN	0x204b
0x2057	CALLVALUE	0x2057
0x2058	CALLDATASIZE	0x2058
0x2061	CALLER	0x2061
0x2062	ORIGIN	0x2062
0x2066	CALLDATASIZE	0x2066
0x2067	CALLDATALOAD	0x2067
0x2069	ORIGIN	0x2069
0x206a	CALLDATASIZE	0x206a
0x206b	CALLDATALOAD	0x206b
0x206c	ORIGIN	0x206c
0x206f	CALLDATASIZE	0x206f
0x2070	CALLDATASIZE	0x2070
0x2071	CALLDATALOAD	0x2071
0x2073	CALLER	0x2073
0x2075	CALLVALUE	0x2075
0x2076	CALLDATASIZE	0x2076
0x2077	CALLDATALOAD	0x2077
0x2078	CALLDATASIZE	0x2078
0x2079	CALLVALUE	0x2079
0x207a	ORIGIN	0x207a
0x208e	CALLDATASIZE	0x208e
0x2090	CALLVALUE	0x2090
0x2091	CALLVALUE	0x2091
0x2093	ORIGIN	0x2093
0x2096	CALLDATALOAD	0x2096
0x2097	ORIGIN	0x2097
0x209a	CALLDATALOAD	0x209a
0x20a3	CALLER	0x20a3
0x20a4	CALLDATASIZE	0x20a4
0x20a6	CALLDATASIZE	0x20a6
0x20a7	CALLVALUE	0x20a7
0x20b4	CALLDATASIZE	0x20b4
0x20b7	CALLDATASIZE	0x20b7
0x20b8	CALLDATASIZE	0x20b8
0x20bb	ORIGIN	0x20bb
0x20c5	CALLDATALOAD	0x20c5
0x20c6	CALLDATALOAD	0x20c6
0x20c9	CALLER	0x20c9
0x20ca	CALLDATALOAD	0x20ca
0x20ce	CALLDATALOAD	0x20ce
0x20d0	CALLDATASIZE	0x20d0
0x20d5	CALLVALUE	0x20d5
0x20d8	CALLDATASIZE	0x20d8
0x20e0	CALLDATASIZE	0x20e0
0x20e2	CALLVALUE	0x20e2
0x20e6	CALLDATALOAD	0x20e6
0x20e8	CALLDATASIZE	0x20e8
0x20f4	CALLVALUE	0x20f4
0x20f5	CALLDATASIZE	0x20f5
0x20fb	ORIGIN	0x20fb
0x20fe	CALLDATALOAD	0x20fe
0x20ff	ORIGIN	0x20ff
0x2100	CALLDATASIZE	0x2100
0x2102	ORIGIN	0x2102
0x2104	CALLDATASIZE	0x2104
0x2107	CALLVALUE	0x2107
0x2109	ORIGIN	0x2109
0x210c	CALLDATALOAD	0x210c
0x210d	ORIGIN	0x210d
0x210e	CALLDATASIZE	0x210e
0x2111	CALLDATASIZE	0x2111
0x2112	CALLDATASIZE	0x2112
0x2114	ORIGIN	0x2114
0x2115	CALLVALUE	0x2115
0x2117	ORIGIN	0x2117
0x211a	CALLDATALOAD	0x211a
0x211b	ORIGIN	0x211b
0x2126	CALLDATASIZE	0x2126
0x2128	CALLDATASIZE	0x2128
0x2130	CALLDATASIZE	0x2130
0x2139	CALLVALUE	0x2139
0x213a	CALLDATASIZE	0x213a
0x213b	CALLDATALOAD	0x213b
0x213c	CALLDATASIZE	0x213c
0x213d	CALLDATALOAD	0x213d
0x213e	CALLDATASIZE	0x213e
0x215e	CALLDATASIZE	0x215e
0x2160	CALLVALUE	0x2160
0x2161	CALLVALUE	0x2161
0x2163	ORIGIN	0x2163
0x2166	CALLDATALOAD	0x2166
0x2167	ORIGIN	0x2167
0x216a	CALLDATALOAD	0x216a
0x2173	CALLER	0x2173
0x2174	CALLDATASIZE	0x2174
0x2176	CALLDATASIZE	0x2176
0x2177	CALLVALUE	0x2177
0x2186	CALLDATASIZE	0x2186
0x218d	ORIGIN	0x218d
0x2193	CALLDATALOAD	0x2193
0x2195	CALLDATASIZE	0x2195
0x2196	CALLDATASIZE	0x2196
0x219e	CALLDATALOAD	0x219e
0x219f	ORIGIN	0x219f
0x21a0	CALLDATASIZE	0x21a0
0x21a3	CALLER	0x21a3
0x21a4	CALLDATASIZE	0x21a4
0x21a6	ORIGIN	0x21a6
0x21ac	CALLDATALOAD	0x21ac
0x21ad	ORIGIN	0x21ad
0x21ae	CALLDATASIZE	0x21ae
0x21b0	CALLVALUE	0x21b0
0x21b5	CALLER	0x21b5
0x21b6	ORIGIN	0x21b6
0x21bb	CALLER	0x21bb
0x21be	CALLDATALOAD	0x21be
0x21bf	ORIGIN	0x21bf
0x21c4	ORIGIN	0x21c4
0x21c6	CALLDATALOAD	0x21c6
0x21c7	CALLVALUE	0x21c7
0x21c8	CALLDATASIZE	0x21c8
0x21dc	CALLDATASIZE	0x21dc
0x21df	ORIGIN	0x21df
0x21e5	CALLDATASIZE	0x21e5
0x21e6	CALLDATALOAD	0x21e6
0x21ec	CALLDATASIZE	0x21ec
0x21f3	ORIGIN	0x21f3
0x21fb	CALLDATASIZE	0x21fb
0x21fc	CALLDATASIZE	0x21fc
0x2204	CALLDATALOAD	0x2204
0x2205	ORIGIN	0x2205
0x2206	CALLDATASIZE	0x2206
0x2208	ORIGIN	0x2208
0x220e	CALLDATALOAD	0x220e
0x220f	ORIGIN	0x220f
0x2210	CALLDATASIZE	0x2210
0x2212	CALLVALUE	0x2212
0x2216	ORIGIN	0x2216
0x2218	CALLDATALOAD	0x2218
0x2219	CALLDATALOAD	0x2219
0x221a	CALLDATASIZE	0x221a
0x2222	CALLDATALOAD	0x2222
0x2223	CALLVALUE	0x2223
0x2224	CALLDATASIZE	0x2224
0x2228	ORIGIN	0x2228
0x222d	CALLDATALOAD	0x222d
0x222e	CALLDATASIZE	0x222e
0x222f	CALLER	0x222f
0x2238	CALLDATASIZE	0x2238
0x223b	ORIGIN	0x223b
0x2241	CALLDATASIZE	0x2241
0x2242	CALLDATALOAD	0x2242
0x2249	ORIGIN	0x2249
0x224c	CALLDATALOAD	0x224c
0x224d	CALLDATALOAD	0x224d
0x224e	CALLDATASIZE	0x224e
0x2251	ORIGIN	0x2251
0x2258	CALLDATALOAD	0x2258
0x2259	CALLVALUE	0x2259
0x225a	CALLDATASIZE	0x225a
0x2265	CALLDATASIZE	0x2265
0x2267	CALLDATASIZE	0x2267
0x226b	CALLDATASIZE	0x226b
0x226c	CALLDATASIZE	0x226c
0x2279	CALLDATASIZE	0x2279
0x227e	CALLDATALOAD	0x227e
0x227f	CALLDATALOAD	0x227f
0x2280	CALLDATASIZE	0x2280
0x2283	CALLVALUE	0x2283
0x2289	ORIGIN	0x2289
0x228c	CALLDATALOAD	0x228c
0x228d	CALLDATALOAD	0x228d
0x228e	CALLDATASIZE	0x228e
0x2290	CALLVALUE	0x2290
0x2294	CALLDATALOAD	0x2294
0x2297	CALLDATALOAD	0x2297
0x229a	CALLDATALOAD	0x229a
0x229b	ORIGIN	0x229b
0x229c	CALLDATASIZE	0x229c
0x229e	ORIGIN	0x229e
0x22a5	CALLDATALOAD	0x22a5
0x22a8	CALLDATALOAD	0x22a8
0x22a9	ORIGIN	0x22a9
0x22ac	CALLDATALOAD	0x22ac
0x22ae	CALLDATASIZE	0x22ae
0x22b2	CALLDATASIZE	0x22b2
0x22b9	ORIGIN	0x22b9
0x22c1	CALLDATASIZE	0x22c1
0x22c3	ORIGIN	0x22c3
0x22d9	CALLVALUE	0x22d9
0x22e2	CALLDATASIZE	0x22e2
0x22f0	CALLVALUE	0x22f0
0x22f1	ORIGIN	0x22f1
0x2307	ORIGIN	0x2307
0x2309	ORIGIN	0x2309
0x230d	CALLER	0x230d
0x2316	CALLDATASIZE	0x2316
0x231b	CALLDATALOAD	0x231b
0x231d	CALLVALUE	0x231d
0x231e	CALLDATALOAD	0x231e
0x2320	CALLDATALOAD	0x2320
0x2322	CALLDATALOAD	0x2322
0x2324	CALLDATALOAD	0x2324
0x2326	CALLDATALOAD	0x2326
0x2328	CALLDATALOAD	0x2328
0x2329	CALLDATASIZE	0x2329
0x232a	CALLDATALOAD	0x232a
0x2336	CALLDATALOAD	0x2336
0x2337	ORIGIN	0x2337
0x2338	CALLDATASIZE	0x2338
0x233b	ORIGIN	0x233b
0x233c	CALLDATASIZE	0x233c
0x233e	ORIGIN	0x233e
0x2344	CALLDATALOAD	0x2344
0x2345	ORIGIN	0x2345
0x2346	CALLDATASIZE	0x2346
0x2348	CALLVALUE	0x2348
0x234d	CALLER	0x234d
0x234e	ORIGIN	0x234e
0x2350	CALLDATASIZE	0x2350
0x2354	CALLDATASIZE	0x2354
0x235b	ORIGIN	0x235b
0x2361	CALLDATASIZE	0x2361
0x2363	CALLDATASIZE	0x2363
0x2365	CALLVALUE	0x2365
0x2366	CALLDATALOAD	0x2366
0x2367	ORIGIN	0x2367
0x236c	CALLDATALOAD	0x236c
0x236d	ORIGIN	0x236d
0x2370	ORIGIN	0x2370
0x2372	CALLDATALOAD	0x2372
0x2373	CALLVALUE	0x2373
0x2374	CALLDATASIZE	0x2374
0x237d	CALLER	0x237d
0x237e	CALLDATASIZE	0x237e
0x237f	CALLER	0x237f
0x2388	CALLDATASIZE	0x2388
0x238b	ORIGIN	0x238b
0x2391	CALLDATASIZE	0x2391
0x2392	CALLDATALOAD	0x2392
0x239e	CALLDATALOAD	0x239e
0x239f	ORIGIN	0x239f
0x23a0	CALLDATASIZE	0x23a0
0x23a3	ORIGIN	0x23a3
0x23a4	CALLDATASIZE	0x23a4
0x23a6	ORIGIN	0x23a6
0x23ac	CALLDATALOAD	0x23ac
0x23ad	ORIGIN	0x23ad
0x23ae	CALLDATASIZE	0x23ae
0x23b0	CALLVALUE	0x23b0
0x23b5	CALLER	0x23b5
0x23b6	ORIGIN	0x23b6
0x23b8	CALLDATASIZE	0x23b8
0x23bc	CALLDATASIZE	0x23bc
0x23c3	ORIGIN	0x23c3
0x23cb	CALLDATASIZE	0x23cb
0x23cf	CALLDATALOAD	0x23cf
0x23d0	CALLDATALOAD	0x23d0
0x23d1	ORIGIN	0x23d1
0x23d5	CALLER	0x23d5
0x23d6	CALLDATALOAD	0x23d6
0x23d7	ORIGIN	0x23d7
0x23d9	ORIGIN	0x23d9
0x23de	ORIGIN	0x23de
0x23e1	CALLDATALOAD	0x23e1
0x23e4	CALLDATALOAD	0x23e4
0x23e5	CALLDATALOAD	0x23e5
0x23e8	CALLDATALOAD	0x23e8
0x23eb	CALLVALUE	0x23eb
0x23ed	CALLDATALOAD	0x23ed
0x23ee	CALLDATALOAD	0x23ee
0x23ef	ORIGIN	0x23ef
0x23f0	CALLDATALOAD	0x23f0
0x23f5	CALLER	0x23f5
0x23ff	CALLDATALOAD	0x23ff
0x241b	CALLER	0x241b
0x241d	CALLVALUE	0x241d
0x2423	ORIGIN	0x2423
0x2424	ORIGIN	0x2424
0x2433	CALLER	0x2433
0x2439	ORIGIN	0x2439
0x2441	CALLER	0x2441
0x244e	CALLDATASIZE	0x244e
0x2453	ORIGIN	0x2453
0x2456	CALLDATALOAD	0x2456
0x2458	CALLDATALOAD	0x2458
0x245a	CALLDATALOAD	0x245a
0x245b	CALLDATASIZE	0x245b
0x245c	CALLDATALOAD	0x245c
0x2462	CALLDATASIZE	0x2462
0x2469	ORIGIN	0x2469
0x2471	ORIGIN	0x2471
0x2473	CALLDATASIZE	0x2473
0x2474	CALLDATASIZE	0x2474
0x247c	CALLDATALOAD	0x247c
0x247d	ORIGIN	0x247d
0x247e	CALLDATASIZE	0x247e
0x2481	ORIGIN	0x2481
0x2482	CALLDATASIZE	0x2482
0x2484	ORIGIN	0x2484
0x248a	CALLDATALOAD	0x248a
0x248b	ORIGIN	0x248b
0x248c	CALLDATASIZE	0x248c
0x248e	CALLVALUE	0x248e
0x2493	CALLER	0x2493
0x2494	ORIGIN	0x2494
0x2497	CALLER	0x2497
0x249b	CALLVALUE	0x249b
0x249d	CALLDATASIZE	0x249d
0x249f	ORIGIN	0x249f
0x24a0	CALLDATALOAD	0x24a0
0x24a1	ORIGIN	0x24a1
0x24a8	CALLDATALOAD	0x24a8
0x24a9	ORIGIN	0x24a9
0x24aa	ORIGIN	0x24aa
0x24ac	CALLDATALOAD	0x24ac
0x24ad	CALLVALUE	0x24ad
0x24b0	CALLDATALOAD	0x24b0
0x24b1	CALLDATASIZE	0x24b1
0x24b2	CALLDATALOAD	0x24b2
0x24c0	CALLDATASIZE	0x24c0
0x24c4	CALLDATASIZE	0x24c4
0x24cb	ORIGIN	0x24cb
0x24d1	CALLDATASIZE	0x24d1
0x24d3	CALLDATASIZE	0x24d3
0x24d5	CALLDATALOAD	0x24d5
0x24d7	CALLDATALOAD	0x24d7
0x24d8	CALLDATASIZE	0x24d8
0x24db	ORIGIN	0x24db
0x24dd	CALLVALUE	0x24dd
0x24de	CALLDATALOAD	0x24de
0x24e0	CALLDATASIZE	0x24e0
0x24ee	CALLDATALOAD	0x24ee
0x24f0	CALLDATALOAD	0x24f0
0x24f2	CALLDATASIZE	0x24f2
0x24f6	CALLDATASIZE	0x24f6
0x24fd	ORIGIN	0x24fd
0x2509	CALLDATASIZE	0x2509
0x250a	CALLDATASIZE	0x250a
0x2512	CALLDATALOAD	0x2512
0x2513	ORIGIN	0x2513
0x2514	CALLDATASIZE	0x2514
0x2517	CALLER	0x2517
0x2518	CALLDATASIZE	0x2518
0x251a	ORIGIN	0x251a
0x2520	CALLDATALOAD	0x2520
0x2521	ORIGIN	0x2521
0x2522	CALLDATASIZE	0x2522
0x2524	CALLVALUE	0x2524
0x252a	ORIGIN	0x252a
0x252e	CALLDATALOAD	0x252e
0x252f	CALLVALUE	0x252f
0x2530	CALLDATASIZE	0x2530
0x2535	ORIGIN	0x2535
0x2538	CALLDATALOAD	0x2538
0x2539	CALLVALUE	0x2539
0x253b	ORIGIN	0x253b
0x253d	ORIGIN	0x253d
0x2540	CALLDATALOAD	0x2540
0x2541	CALLVALUE	0x2541
0x2542	CALLDATASIZE	0x2542
0x2545	CALLVALUE	0x2545
0x2547	CALLER	0x2547
0x254a	CALLDATALOAD	0x254a
0x254b	CALLVALUE	0x254b
0x254c	CALLDATASIZE	0x254c
0x254f	CALLDATALOAD	0x254f
0x2553	CALLER	0x2553
0x2556	CALLDATALOAD	0x2556
0x2557	CALLVALUE	0x2557
0x255b	CALLDATALOAD	0x255b
0x255d	CALLER	0x255d
0x255f	CALLVALUE	0x255f
0x2560	CALLDATALOAD	0x2560
0x2563	ORIGIN	0x2563
0x2564	CALLDATALOAD	0x2564
0x2565	CALLDATASIZE	0x2565
0x2566	CALLDATALOAD	0x2566
0x256d	ORIGIN	0x256d
0x256f	ORIGIN	0x256f
0x2573	CALLDATALOAD	0x2573
0x2574	CALLDATASIZE	0x2574
0x2577	ORIGIN	0x2577
0x2585	CALLER	0x2585
0x2588	CALLDATALOAD	0x2588
0x2589	CALLDATASIZE	0x2589
0x258a	CALLDATALOAD	0x258a
0x2593	ORIGIN	0x2593
0x2599	CALLDATALOAD	0x2599
0x259a	CALLDATASIZE	0x259a
0x259d	CALLVALUE	0x259d
0x259e	CALLDATASIZE	0x259e
0x259f	CALLDATALOAD	0x259f
0x25a0	CALLDATALOAD	0x25a0
0x25ab	ORIGIN	0x25ab
0x25ad	CALLDATALOAD	0x25ad
0x25af	CALLDATALOAD	0x25af
0x25b0	CALLDATASIZE	0x25b0
0x25b3	ORIGIN	0x25b3
0x25be	CALLDATASIZE	0x25be
0x25c1	CALLVALUE	0x25c1
0x25c2	CALLDATASIZE	0x25c2
0x25c3	CALLDATALOAD	0x25c3
0x25c4	CALLDATALOAD	0x25c4
0x25c5	CALLDATASIZE	0x25c5
0x25c6	CALLDATALOAD	0x25c6
0x25cf	ORIGIN	0x25cf
0x25d3	CALLER	0x25d3
0x25d5	ORIGIN	0x25d5
0x25d9	CALLDATALOAD	0x25d9
0x25db	CALLDATALOAD	0x25db
0x25dc	CALLDATASIZE	0x25dc
0x25df	ORIGIN	0x25df
0x25e9	CALLVALUE	0x25e9
0x25eb	CALLVALUE	0x25eb
0x25ec	CALLDATASIZE	0x25ec
0x25ef	CALLVALUE	0x25ef
0x25f0	CALLDATASIZE	0x25f0
0x25f1	CALLDATALOAD	0x25f1
0x25f2	CALLDATALOAD	0x25f2
0x25fc	CALLDATASIZE	0x25fc
0x2603	ORIGIN	0x2603
0x260b	CALLDATASIZE	0x260b
0x260c	CALLDATASIZE	0x260c
0x2614	CALLDATALOAD	0x2614
0x2615	ORIGIN	0x2615
0x2616	CALLDATASIZE	0x2616
0x2619	CALLER	0x2619
0x261a	CALLDATASIZE	0x261a
0x261c	ORIGIN	0x261c
0x261e	CALLDATALOAD	0x261e
0x261f	ORIGIN	0x261f
0x2620	CALLDATASIZE	0x2620
0x2622	CALLVALUE	0x2622
0x2626	ORIGIN	0x2626
0x2628	CALLDATALOAD	0x2628
0x2629	CALLVALUE	0x2629
0x262e	CALLVALUE	0x262e
0x262f	ORIGIN	0x262f
0x2633	ORIGIN	0x2633
0x2642	CALLDATASIZE	0x2642
0x2645	CALLER	0x2645
0x2648	CALLDATALOAD	0x2648
0x264a	CALLDATASIZE	0x264a
0x264c	CALLVALUE	0x264c
0x2650	CALLDATALOAD	0x2650
0x2652	CALLDATASIZE	0x2652
0x265e	CALLVALUE	0x265e
0x265f	CALLDATASIZE	0x265f
0x2665	ORIGIN	0x2665
0x2668	CALLDATALOAD	0x2668
0x2669	ORIGIN	0x2669
0x266a	CALLDATASIZE	0x266a
0x266c	ORIGIN	0x266c
0x266e	CALLDATASIZE	0x266e
0x2671	CALLVALUE	0x2671
0x2673	ORIGIN	0x2673
0x2676	CALLDATALOAD	0x2676
0x2677	ORIGIN	0x2677
0x2678	CALLDATASIZE	0x2678
0x267a	ORIGIN	0x267a
0x267b	CALLVALUE	0x267b
0x267f	ORIGIN	0x267f
0x2682	CALLDATALOAD	0x2682
0x2683	ORIGIN	0x2683
0x268e	CALLDATASIZE	0x268e
0x2690	CALLDATASIZE	0x2690
0x2698	CALLDATASIZE	0x2698
0x269b	CALLER	0x269b
0x269c	ORIGIN	0x269c
0x269e	CALLDATASIZE	0x269e
0x26a1	ORIGIN	0x26a1
0x26a2	CALLDATASIZE	0x26a2
0x26a4	CALLDATASIZE	0x26a4
0x26ac	ORIGIN	0x26ac
0x26af	CALLVALUE	0x26af
0x26b0	CALLDATASIZE	0x26b0
0x26bb	CALLER	0x26bb
0x26bc	ORIGIN	0x26bc
0x26be	CALLDATASIZE	0x26be
0x26c0	CALLDATASIZE	0x26c0
0x26c1	CALLVALUE	0x26c1
0x26c2	CALLDATASIZE	0x26c2
0x26c3	CALLVALUE	0x26c3
0x26c5	ORIGIN	0x26c5
0x26c6	CALLDATASIZE	0x26c6
0x26c8	CALLVALUE	0x26c8
0x26c9	CALLVALUE	0x26c9
0x26cb	ORIGIN	0x26cb
0x26ce	CALLDATALOAD	0x26ce
0x26cf	ORIGIN	0x26cf
0x2712	CALLDATASIZE	0x2712
0x2714	CALLDATASIZE	0x2714
0x2715	CALLVALUE	0x2715
0x2717	ORIGIN	0x2717
0x271a	CALLDATALOAD	0x271a
0x271b	ORIGIN	0x271b
0x271e	CALLDATALOAD	0x271e
0x2727	CALLER	0x2727
0x2728	CALLDATASIZE	0x2728
0x272b	CALLVALUE	0x272b
0x2738	CALLDATASIZE	0x2738
0x273f	ORIGIN	0x273f
0x2747	CALLDATASIZE	0x2747
0x2748	CALLDATASIZE	0x2748
0x2750	CALLDATALOAD	0x2750
0x2751	ORIGIN	0x2751
0x2752	CALLDATASIZE	0x2752
0x2755	CALLER	0x2755
0x2756	CALLDATASIZE	0x2756
0x2758	ORIGIN	0x2758
0x275a	CALLDATALOAD	0x275a
0x275b	ORIGIN	0x275b
0x275c	CALLDATASIZE	0x275c
0x275e	CALLVALUE	0x275e
0x2762	ORIGIN	0x2762
0x2764	CALLDATASIZE	0x2764
0x2767	CALLVALUE	0x2767
0x276a	CALLDATALOAD	0x276a
0x276b	CALLVALUE	0x276b
0x276d	CALLVALUE	0x276d
0x2770	CALLDATASIZE	0x2770
0x2773	CALLER	0x2773
0x277d	CALLDATALOAD	0x277d
0x277e	CALLDATALOAD	0x277e
0x2781	CALLDATALOAD	0x2781
0x2783	CALLVALUE	0x2783
0x2784	CALLDATALOAD	0x2784
0x2786	CALLDATASIZE	0x2786
0x2789	CALLDATALOAD	0x2789
0x278d	CALLDATASIZE	0x278d
0x278e	CALLDATALOAD	0x278e
0x2794	CALLDATASIZE	0x2794
0x279b	ORIGIN	0x279b
0x27a3	CALLDATASIZE	0x27a3
0x27a4	CALLDATASIZE	0x27a4
0x27ac	CALLDATALOAD	0x27ac
0x27ad	ORIGIN	0x27ad
0x27ae	CALLDATASIZE	0x27ae
0x27b1	CALLER	0x27b1
0x27b2	CALLDATASIZE	0x27b2
0x27b4	ORIGIN	0x27b4
0x27ba	CALLDATALOAD	0x27ba
0x27bb	ORIGIN	0x27bb
0x27bc	CALLDATASIZE	0x27bc
0x27be	CALLVALUE	0x27be
0x27c4	ORIGIN	0x27c4
0x27c8	CALLDATALOAD	0x27c8
0x27c9	CALLVALUE	0x27c9
0x27ca	CALLDATASIZE	0x27ca
0x27cb	ORIGIN	0x27cb
0x27cc	ORIGIN	0x27cc
0x27d7	CALLER	0x27d7
0x27e0	CALLDATASIZE	0x27e0
0x27e1	CALLER	0x27e1
0x27ea	CALLDATASIZE	0x27ea
0x27ed	ORIGIN	0x27ed
0x27f2	CALLDATALOAD	0x27f2
0x27f3	CALLDATASIZE	0x27f3
0x27f4	CALLDATALOAD	0x27f4
0x27f9	CALLDATALOAD	0x27f9
0x27fb	CALLDATALOAD	0x27fb
0x27fc	CALLDATASIZE	0x27fc
0x27ff	CALLVALUE	0x27ff
0x2801	CALLER	0x2801
0x2802	CALLDATALOAD	0x2802
0x280c	CALLDATASIZE	0x280c
0x2813	ORIGIN	0x2813
0x281b	CALLDATASIZE	0x281b
0x281c	CALLDATASIZE	0x281c
0x2824	CALLDATALOAD	0x2824
0x2825	ORIGIN	0x2825
0x2826	CALLDATASIZE	0x2826
0x2829	CALLER	0x2829
0x282a	CALLDATASIZE	0x282a
0x282c	ORIGIN	0x282c
0x282e	CALLDATALOAD	0x282e
0x282f	ORIGIN	0x282f
0x2830	CALLDATASIZE	0x2830
0x2832	CALLVALUE	0x2832
0x2836	ORIGIN	0x2836
0x2838	CALLDATASIZE	0x2838
0x283b	ORIGIN	0x283b
0x283e	CALLDATALOAD	0x283e
0x283f	CALLVALUE	0x283f
0x2845	CALLVALUE	0x2845
0x2847	CALLDATALOAD	0x2847
0x2848	CALLDATALOAD	0x2848
0x284a	CALLDATASIZE	0x284a
0x284d	CALLVALUE	0x284d
0x284e	CALLER	0x284e
0x2853	CALLDATASIZE	0x2853
0x2856	CALLDATASIZE	0x2856
0x2868	CALLDATASIZE	0x2868
0x286b	ORIGIN	0x286b
0x2870	CALLDATALOAD	0x2870
0x2871	CALLDATASIZE	0x2871
0x2872	CALLDATALOAD	0x2872
0x2878	CALLDATASIZE	0x2878
0x287f	ORIGIN	0x287f
0x2887	CALLDATASIZE	0x2887
0x2888	CALLDATASIZE	0x2888
0x2890	CALLDATALOAD	0x2890
0x2891	ORIGIN	0x2891
0x2892	CALLDATASIZE	0x2892
0x2895	CALLER	0x2895
0x2896	CALLDATASIZE	0x2896
0x2898	ORIGIN	0x2898
0x289a	CALLDATALOAD	0x289a
0x289b	ORIGIN	0x289b
0x289c	CALLDATASIZE	0x289c
0x289e	CALLVALUE	0x289e
0x28a2	ORIGIN	0x28a2
0x28a4	CALLDATASIZE	0x28a4
0x28a7	CALLDATALOAD	0x28a7
0x28aa	CALLDATALOAD	0x28aa
0x28ab	CALLVALUE	0x28ab
0x28af	CALLDATALOAD	0x28af
0x28b0	CALLDATALOAD	0x28b0
0x28b3	CALLVALUE	0x28b3
0x28b6	CALLDATASIZE	0x28b6
0x28b9	CALLVALUE	0x28b9
0x28bb	CALLER	0x28bb
0x28bc	CALLDATALOAD	0x28bc
0x28be	CALLDATASIZE	0x28be
0x28c2	CALLDATASIZE	0x28c2
0x28c9	ORIGIN	0x28c9
0x28d1	CALLDATASIZE	0x28d1
0x28d2	CALLDATASIZE	0x28d2
0x28da	CALLDATALOAD	0x28da
0x28db	ORIGIN	0x28db
0x28dc	CALLDATASIZE	0x28dc
0x28df	CALLER	0x28df
0x28e0	CALLDATASIZE	0x28e0
0x28e2	ORIGIN	0x28e2
0x28e4	CALLDATALOAD	0x28e4
0x28e5	ORIGIN	0x28e5
0x28e6	CALLDATASIZE	0x28e6
0x28e8	CALLVALUE	0x28e8
0x28ec	ORIGIN	0x28ec
0x28ee	CALLDATASIZE	0x28ee
0x28f6	CALLDATALOAD	0x28f6
0x28f7	CALLVALUE	0x28f7
0x28fa	CALLDATALOAD	0x28fa
0x28fb	CALLVALUE	0x28fb
0x28fc	CALLDATASIZE	0x28fc
0x28ff	CALLVALUE	0x28ff
0x290e	CALLDATASIZE	0x290e
0x2911	ORIGIN	0x2911
0x2916	CALLDATALOAD	0x2916
0x2917	CALLDATASIZE	0x2917
0x2918	CALLDATALOAD	0x2918
0x291e	CALLDATASIZE	0x291e
0x2921	CALLDATALOAD	0x2921
0x2925	CALLDATASIZE	0x2925
0x2926	CALLDATALOAD	0x2926
0x292d	CALLDATALOAD	0x292d
0x2931	CALLDATALOAD	0x2931
0x2932	CALLDATASIZE	0x2932
0x2935	CALLDATALOAD	0x2935
0x293a	CALLDATASIZE	0x293a
0x293e	CALLDATASIZE	0x293e
0x2945	ORIGIN	0x2945
0x294d	CALLDATASIZE	0x294d
0x294e	CALLDATASIZE	0x294e
0x2956	CALLDATALOAD	0x2956
0x2957	ORIGIN	0x2957
0x2958	CALLDATASIZE	0x2958
0x295b	CALLER	0x295b
0x295c	CALLDATASIZE	0x295c
0x295e	ORIGIN	0x295e
0x2964	CALLDATALOAD	0x2964
0x2965	ORIGIN	0x2965
0x2966	CALLDATASIZE	0x2966
0x2968	CALLVALUE	0x2968
0x296e	ORIGIN	0x296e
0x2976	CALLDATALOAD	0x2976
0x2977	CALLVALUE	0x2977
0x2978	CALLDATASIZE	0x2978
0x297b	CALLDATALOAD	0x297b
0x2982	CALLDATALOAD	0x2982
0x2983	CALLVALUE	0x2983
0x2984	CALLDATASIZE	0x2984
0x2985	ORIGIN	0x2985
0x2986	ORIGIN	0x2986
0x2991	CALLVALUE	0x2991
0x2998	CALLDATASIZE	0x2998
0x2999	CALLER	0x2999
0x29a2	CALLDATASIZE	0x29a2
0x29a5	ORIGIN	0x29a5
0x29aa	CALLDATALOAD	0x29aa
0x29ab	CALLDATASIZE	0x29ab
0x29ac	CALLDATALOAD	0x29ac
0x29b1	CALLDATALOAD	0x29b1
0x29b3	CALLDATALOAD	0x29b3
0x29b4	CALLDATASIZE	0x29b4
0x29b7	CALLVALUE	0x29b7
0x29be	CALLDATALOAD	0x29be
0x29c4	CALLDATASIZE	0x29c4
0x29cb	ORIGIN	0x29cb
0x29d3	CALLDATASIZE	0x29d3
0x29d4	CALLDATASIZE	0x29d4
0x29dc	CALLDATALOAD	0x29dc
0x29dd	ORIGIN	0x29dd
0x29de	CALLDATASIZE	0x29de
0x29e1	CALLER	0x29e1
0x29e2	CALLDATASIZE	0x29e2
0x29e4	ORIGIN	0x29e4
0x29e6	CALLDATALOAD	0x29e6
0x29e7	ORIGIN	0x29e7
0x29e8	CALLDATASIZE	0x29e8
0x29ea	CALLVALUE	0x29ea
0x29ee	ORIGIN	0x29ee
0x29f0	CALLDATALOAD	0x29f0
0x29f1	CALLVALUE	0x29f1
0x29f7	CALLVALUE	0x29f7
0x29f9	CALLER	0x29f9
0x29fa	CALLDATALOAD	0x29fa
0x29fc	CALLDATASIZE	0x29fc
0x29ff	CALLDATALOAD	0x29ff
0x2a07	CALLER	0x2a07
0x2a10	CALLDATASIZE	0x2a10
0x2a13	CALLDATALOAD	0x2a13
0x2a17	CALLDATASIZE	0x2a17
0x2a18	CALLDATALOAD	0x2a18
0x2a19	CALLDATASIZE	0x2a19
0x2a1a	CALLDATALOAD	0x2a1a
0x2a20	CALLDATASIZE	0x2a20
0x2a23	CALLDATALOAD	0x2a23
0x2a37	ORIGIN	0x2a37
0x2a3e	CALLDATALOAD	0x2a3e
0x2a44	CALLDATASIZE	0x2a44
0x2a4b	ORIGIN	0x2a4b
0x2a53	CALLDATASIZE	0x2a53
0x2a54	CALLDATASIZE	0x2a54
0x2a5c	CALLDATALOAD	0x2a5c
0x2a5d	ORIGIN	0x2a5d
0x2a5e	CALLDATASIZE	0x2a5e
0x2a61	CALLER	0x2a61
0x2a62	CALLDATASIZE	0x2a62
0x2a64	ORIGIN	0x2a64
0x2a66	CALLDATALOAD	0x2a66
0x2a67	ORIGIN	0x2a67
0x2a68	CALLDATASIZE	0x2a68
0x2a6a	CALLVALUE	0x2a6a
0x2a6e	ORIGIN	0x2a6e
0x2a70	CALLDATASIZE	0x2a70
0x2a76	CALLDATALOAD	0x2a76
0x2a77	CALLVALUE	0x2a77
0x2a7b	CALLDATASIZE	0x2a7b
0x2a7c	CALLDATALOAD	0x2a7c
0x2a7e	CALLDATASIZE	0x2a7e
0x2a81	CALLDATALOAD	0x2a81
0x2a82	CALLVALUE	0x2a82
0x2a92	CALLDATASIZE	0x2a92
0x2a95	ORIGIN	0x2a95
0x2a9b	CALLDATASIZE	0x2a9b
0x2a9c	CALLDATALOAD	0x2a9c
0x2aa2	CALLDATASIZE	0x2aa2
0x2aa9	ORIGIN	0x2aa9
0x2ab1	CALLDATASIZE	0x2ab1
0x2ab2	CALLDATASIZE	0x2ab2
0x2aba	CALLDATALOAD	0x2aba
0x2abb	ORIGIN	0x2abb
0x2abc	CALLDATASIZE	0x2abc
0x2abf	CALLER	0x2abf
0x2ac0	CALLDATASIZE	0x2ac0
0x2ac2	ORIGIN	0x2ac2
0x2ac4	CALLDATALOAD	0x2ac4
0x2ac5	ORIGIN	0x2ac5
0x2ac6	CALLDATASIZE	0x2ac6
0x2ac8	CALLVALUE	0x2ac8
0x2acc	ORIGIN	0x2acc
0x2ace	CALLDATALOAD	0x2ace
0x2acf	CALLVALUE	0x2acf
0x2ad3	ORIGIN	0x2ad3
0x2ad4	CALLDATALOAD	0x2ad4
0x2ad7	ORIGIN	0x2ad7
0x2adb	CALLDATALOAD	0x2adb
0x2adc	CALLDATASIZE	0x2adc
0x2adf	CALLDATALOAD	0x2adf
0x2ae4	CALLDATASIZE	0x2ae4
0x2ae8	CALLDATASIZE	0x2ae8
0x2aef	ORIGIN	0x2aef
0x2af7	CALLDATASIZE	0x2af7
0x2af8	CALLDATASIZE	0x2af8
0x2b00	CALLDATALOAD	0x2b00
0x2b01	ORIGIN	0x2b01
0x2b02	CALLDATASIZE	0x2b02
0x2b05	CALLER	0x2b05
0x2b06	CALLDATASIZE	0x2b06
0x2b08	ORIGIN	0x2b08
0x2b0a	CALLDATALOAD	0x2b0a
0x2b0b	ORIGIN	0x2b0b
0x2b0c	CALLDATASIZE	0x2b0c
0x2b0e	CALLVALUE	0x2b0e
0x2b12	ORIGIN	0x2b12
0x2b14	CALLDATASIZE	0x2b14
0x2b1c	CALLDATALOAD	0x2b1c
0x2b1d	CALLVALUE	0x2b1d
0x2b20	CALLDATALOAD	0x2b20
0x2b21	CALLVALUE	0x2b21
0x2b22	CALLDATASIZE	0x2b22
0x2b25	CALLDATALOAD	0x2b25
0x2b37	ORIGIN	0x2b37
0x2b3c	CALLDATALOAD	0x2b3c
0x2b3d	CALLDATASIZE	0x2b3d
0x2b3e	CALLDATALOAD	0x2b3e
0x2b44	CALLDATALOAD	0x2b44
0x2b4a	CALLDATALOAD	0x2b4a
0x2b4f	CALLER	0x2b4f
0x2b53	ORIGIN	0x2b53
0x2b54	CALLDATALOAD	0x2b54
0x2b56	CALLDATALOAD	0x2b56
0x2b57	CALLDATASIZE	0x2b57
0x2b58	CALLDATALOAD	0x2b58
0x2b61	CALLER	0x2b61
0x2b65	CALLDATALOAD	0x2b65
0x2b67	CALLDATALOAD	0x2b67
0x2b68	CALLDATASIZE	0x2b68
0x2b6b	CALLDATALOAD	0x2b6b
0x2b79	ORIGIN	0x2b79
0x2b7a	CALLDATALOAD	0x2b7a
0x2b7c	CALLDATALOAD	0x2b7c
0x2b7e	CALLDATALOAD	0x2b7e
0x2b80	CALLDATALOAD	0x2b80
0x2b81	CALLDATASIZE	0x2b81
0x2b87	CALLDATALOAD	0x2b87
0x2b88	CALLDATASIZE	0x2b88
0x2b89	ORIGIN	0x2b89
0x2b8f	ORIGIN	0x2b8f
0x2b90	CALLER	0x2b90
0x2b92	CALLDATALOAD	0x2b92
0x2b94	ORIGIN	0x2b94
0x2b97	CALLDATALOAD	0x2b97
0x2b98	CALLDATASIZE	0x2b98
0x2b9d	ORIGIN	0x2b9d
0x2ba4	CALLDATASIZE	0x2ba4
0x2bac	CALLVALUE	0x2bac
0x2bad	CALLVALUE	0x2bad
0x2bb3	CALLDATASIZE	0x2bb3
0x2bba	CALLDATALOAD	0x2bba
0x2bbb	CALLDATALOAD	0x2bbb
0x2bbc	CALLER	0x2bbc
0x2bbd	CALLDATALOAD	0x2bbd
0x2bbe	CALLDATALOAD	0x2bbe
0x2bbf	CALLVALUE	0x2bbf
0x2bc0	CALLER	0x2bc0
0x2bc9	CALLER	0x2bc9
0x2bce	CALLDATASIZE	0x2bce
